Time ,Total,Hydrophobic,Hydrophilic
0,717.63,268.587,260.601
700,672.379,261.256,243.849
1400,621.084,247.644,228.135
2100,581.423,231.129,215.117
2800,561.174,228.106,205.845
3500,566.917,225.404,212.532
4200,539.579,214.624,201.493
4900,523.568,207.081,200.792
5600,523.387,209.614,204.286
6300,503.792,204.896,201.543
7000,497.515,208.347,193.053
7700,476.845,199.7,183.354
8400,452.12,185.757,175.093
9100,451.157,184.215,178.33
9800,449.157,183.861,180.667
10500,420.898,173.863,170.904
11200,429.211,183.664,168.258
11900,421.691,173.361,169.562
12600,410.34,173.493,163.239
13300,410.876,175.219,162.878
14000,402.439,169.705,161.651
14700,409.901,176.092,160.863
15400,401.109,172.191,157.772
16100,395.954,170.224,155.699
16800,407.138,175.008,158.779
17500,392.076,165.812,153.973
18200,394.972,167.565,155.765
18900,392.975,166.948,160.845
19600,374.885,159.972,152.307
20300,385.987,167.283,155.284
21000,371.734,157.984,152.51
21700,371.503,159.719,147.924
22400,361.199,151.733,148.212
23100,361.083,151.032,144.707
23800,356.525,146.91,147.93
24500,349.857,146.394,144.207
25200,334.339,138.448,136.445
25900,336.161,142.446,139.242
26600,337.896,142.427,136.573
27300,338.837,145.199,130.416
28000,326.086,137.987,132.736
28700,322.703,137.762,128.531
29400,318.44,136.304,128.746
30100,322.895,136.889,134.992
30800,322.321,138.68,132.794
31500,324.268,142.777,134.22
32200,321.771,144.14,132.908
32900,325.792,140.605,135.095
33600,327.578,138.323,138.324
34300,325.428,141.62,134.104
35000,329.53,142.137,139.575
35700,332.681,143.383,137.972
36400,328.289,139.718,138.385
37100,327.383,141.274,135.518
37800,328.801,145.692,135.733
38500,312.021,136.432,130.028
39200,310.439,133.198,129.116
39900,315.47,138.81,130.811
40600,312.423,133.794,131.585
41300,312.193,137.031,129.131
42000,310.903,131.18,133.641
42700,303.722,131.373,129.674
43400,321.131,141.09,133.872
44100,313.159,137.207,129.813
44800,316.134,137.184,136.163
45500,315.945,138.769,131.123
46200,318.04,138.825,131.693
46900,320.448,138.46,131.977
47600,304.876,131.699,128.861
48300,317.286,135.46,133.429
49000,302.681,130.68,127.866
49700,309.935,132.062,131.344
50400,302.509,126.653,125.16
51100,307.78,135.085,127.276
51800,309.606,133.012,127.489
52500,305.518,132.62,126.821
53200,308.221,130.657,132.222
53900,302.716,131.124,126.345
54600,307.101,134.046,127.959
55300,311.883,138.386,126.75
56000,302.68,133.105,127.446
56700,312.229,137.798,129.265
57400,315.228,138.076,129.989
58100,314.074,134.566,131.634
58800,315.94,136.657,130.988
59500,319.906,142.944,132.815
60200,316.799,139.339,130.877
60900,319.703,142.138,132.349
61600,321.9,140.079,134.739
62300,314.403,139.318,134.093
63000,307.382,133.989,131.068
63700,311.345,135.48,131.331
64400,312.956,137.587,132.73
65100,324.985,140.36,135.161
65800,323.146,138.419,137.495
66500,317.915,139.666,131.596
67200,324.987,140.747,134.805
67900,320.876,139.577,132.356
68600,314.33,136.012,131.598
69300,307.184,135.353,129.441
70000,310.394,134.19,134.032
70700,313.826,136.499,132.019
71400,312.876,134.947,134.302
72100,312.518,135.529,131.953
72800,301.851,130.541,128.227
73500,309.482,133.457,129.195
74200,316.953,136.668,136.078
74900,316.895,137.768,134.775
75600,315.394,136.811,132.92
76300,308.555,133.105,131.373
77000,307.139,137.041,126.577
77700,308.705,137.952,130.046
78400,315.805,136.734,135.717
79100,316.199,135.617,134.639
79800,308.369,133.686,129.705
80500,305.004,133.236,129.366
81200,308.081,137.8,128.034
81900,308.372,137.697,129.386
82600,302.391,132.847,130.741
83300,312.391,137.319,132.714
84000,305.575,137.252,126.583
84700,303.408,133.279,127.352
85400,296.072,131.853,120.968
86100,298.598,134.923,122.207
86800,301.865,134.975,124.216
87500,309.499,138.652,129.539
88200,307.816,137.553,125.989
88900,305.91,137.592,127.187
89600,301.97,134.779,122.738
90300,301.569,133.69,123.958
91000,312.177,137.751,130.673
91700,301.735,135.055,125.152
92400,298.938,130.677,124.776
93100,304.131,133.918,125.485
93800,290.137,129.831,119.219
94500,297.139,128.857,126.188
95200,286.65,126.608,120.362
95900,285.201,128.43,119.516
96600,294.638,129.367,123.387
97300,294.961,129.342,123.928
98000,291.693,129.167,120.981
98700,296.169,129.842,122.877
99400,292.17,128.843,122.537
100100,295.02,128.06,124.668
100800,293.365,128.087,122.671
101500,289.519,126.018,121.459
102200,287.33,126.92,121.778
102900,296.796,128.469,127.047
103600,288.838,125.176,125.386
104300,291.003,128.25,124.714
105000,290.07,126.689,123.916
105700,291.696,129.043,123.958
106400,301.333,129.783,126.436
107100,287.39,121.942,124.126
107800,290.964,126.639,123.904
108500,289.372,123.974,124.28
109200,286.718,126.451,118.605
109900,284.103,122.281,120.416
110600,284.153,122.836,119.523
111300,289.541,129.083,120.604
112000,287.329,126.192,120.204
112700,304.459,132.765,127.672
113400,298.413,129.748,122.719
114100,294.364,128.925,123.222
114800,299.809,129.71,128.654
115500,300.738,131.045,124.141
116200,302.221,129.939,125.472
116900,298.644,130.685,125.036
117600,292.057,130.144,121.37
118300,290.884,128.74,119.744
119000,297.235,132.089,120.83
119700,294.132,127.505,126.746
120400,301.262,132.484,128.079
121100,298.677,133.152,126.243
121800,299.292,133.04,126.702
122500,294.3,130.444,126.082
123200,293.263,130.263,124.485
123900,294.548,131.121,126.18
124600,290.49,133.442,120.693
125300,304.781,138.536,128.955
126000,314.586,142.634,131.363
126700,302.08,135.979,127.532
127400,302.557,135.366,128.082
128100,302.182,134.691,126.357
128800,296.616,131.513,123.178
129500,298.406,134.28,122.397
130200,292.734,128.775,119.336
130900,292.328,130.083,121.406
131600,282.282,123.116,117.441
132300,286.233,126.902,119.867
133000,281.251,125.888,117.926
133700,285.322,129.667,115.198
134400,285.951,128.875,118.529
135100,292.253,131.702,120.042
135800,286.64,126.772,119.49
136500,287.452,129.815,116.151
137200,285.615,128.523,117.562
137900,283.221,125.532,119.497
138600,278.68,121.944,117.089
139300,276.699,119.851,118.643
140000,292.513,127.883,121.638
140700,279.784,122.163,117.711
141400,283.269,125.242,117.616
142100,278.679,122.499,115.451
142800,278.526,122.232,113.965
143500,277.131,119.293,118.653
144200,280.179,121.143,117.513
144900,274.886,119.945,114.322
145600,274.489,120.335,114.465
146300,272.353,120.508,112.507
147000,276.536,124.042,112.972
147700,270.063,120.574,110.862
148400,271.856,119.614,115.414
149100,274.315,122.488,112.421
149800,273.429,121.48,115.17
150500,273.448,119.746,111.945
151200,273.19,120.209,114.869
151900,277.611,121.467,116.632
152600,276.224,121.323,115.094
153300,275.012,123.053,114.968
154000,273.158,119.641,116.823
154700,275.648,118.864,118.065
155400,272.88,118.041,113.902
156100,271.808,116.675,115.38
156800,270.582,116.373,114.052
157500,265.637,113.726,112.04
158200,272.428,115.042,114.119
158900,276.116,116.455,117.862
159600,276.461,115.962,116.765
160300,276.381,118.966,115.174
161000,277.82,121.097,116.6
161700,270.609,118.855,111.366
162400,271.603,117.797,114.668
163100,280.553,124.589,114.403
163800,280.983,124.433,117.943
164500,276.584,122.309,116.547
165200,282.017,125.094,116.163
165900,285.629,124.338,119.672
166600,281.675,126.502,116.393
167300,281.779,123.049,118.704
168000,278.805,122.803,117.686
168700,286.591,127.65,119.667
169400,281.763,120.227,118.283
170100,275.816,120.999,114.826
170800,278.782,124.374,115.399
171500,278.733,121.431,115.41
172200,284.572,122.052,120.284
172900,277.565,121.109,114.723
173600,279.482,121.622,118.398
174300,277.106,118.676,118.733
175000,282.371,123.549,118.207
175700,279.782,123.472,116.152
176400,277.459,124.413,112.731
177100,274.336,122.452,113.022
177800,280.217,126.554,114.741
178500,275.036,123.51,113.648
179200,283.033,127.257,113.794
179900,279.263,126.074,116.05
180600,279.738,124.423,113.463
181300,286.332,126.893,120.893
182000,284.956,127.513,116.412
182700,279.655,124.217,112.647
183400,281.557,124.579,115.428
184100,273.87,119.366,114.024
184800,280.808,121.325,117.228
185500,277.647,120.774,115.946
186200,283.029,121.563,121.187
186900,281.439,121.924,117.566
187600,277.429,121.921,115.355
188300,276.927,120.482,115.369
189000,278.259,120.228,118.79
189700,280.406,121.507,120.315
190400,276.718,120.387,118.671
191100,283.32,124.524,119.61
191800,280.126,125.628,117.386
192500,285.087,122.759,120.856
193200,272.637,119.631,114.434
193900,286.22,127.926,117.889
194600,284.022,126.394,118.63
195300,284.721,128.014,117.751
196000,282.215,127.637,116.524
196700,276.008,123.538,115.319
197400,280.108,122.479,118.168
198100,276.935,124.541,115.282
198800,285.345,125.846,119.761
199500,290.413,128.552,123.715
200200,292.6,126.411,125.844
200900,281.462,121.084,121.503
201600,272.709,119.773,115.303
202300,288.495,131.774,118.772
203000,287.497,125.802,122.131
203700,283.791,124.029,121.097
204400,282.107,122.188,122.106
205100,290.584,126.465,127.273
205800,283.253,124.199,122.235
206500,283.297,126.936,118.182
207200,280.195,124.818,119.499
207900,289.862,127.964,124.64
208600,287.483,127.3,123.021
209300,280.214,123.072,121.073
210000,280.248,121.327,122.561
210700,279.38,123.657,120.789
211400,278.586,119.416,121.036
212100,288.566,126.698,123.088
212800,284.128,123.863,121.852
213500,283.236,123.44,118.948
214200,282.998,122.111,122.973
214900,277.664,118.852,122.073
215600,279.384,120.779,124.114
216300,281.97,119.917,123.378
217000,291.742,127.601,128.047
217700,289.976,128.777,123.211
218400,286.363,124.946,124.589
219100,280.174,122.662,120.891
219800,289.93,126.557,124.506
220500,287.527,123.782,124.898
221200,286.783,125.872,121.873
221900,292.929,128.312,122.992
222600,289.93,129.435,122.856
223300,287.594,126.551,120.738
224000,289.822,129.919,121.445
224700,286.38,126.705,122.17
225400,287.212,126.33,122.528
226100,282.973,124.195,122.277
226800,276.741,122.067,117.196
227500,282.104,125.186,120.73
228200,287.331,127.748,120
228900,281.392,124.845,117.585
229600,280.379,126.687,120.115
230300,279.403,122.905,121.248
231000,285.154,125.531,125.522
231700,283.624,125.501,122.755
232400,283.344,123.797,124.818
233100,286.577,127.904,124.135
233800,280.922,125.55,119.313
234500,278.863,122.476,122.943
235200,276.637,121.644,120.319
235900,281.378,128.009,118.292
236600,279.267,123.05,117.838
237300,279.943,124.222,119.133
238000,290.866,128.601,125.626
238700,286.309,127.266,123.218
239400,282.22,126.599,121.748
240100,279.802,125.691,120.23
240800,280.889,125.615,119.735
241500,282.562,126.158,122.677
242200,276.367,125.4,118.063
242900,276.254,127.821,116.203
243600,274.751,124.691,119.666
244300,271.67,121.492,118.063
245000,271.309,118.187,122.648
245700,270.36,121.051,119.212
246400,267.358,121.832,116.992
247100,269.786,121.595,119.267
247800,266.819,117.925,117.099
248500,270.647,122.352,118.452
249200,273.508,120.253,123.2
249900,270.748,120.481,119.261
250600,269.388,119.252,120.064
251300,266.642,116.072,118.13
252000,259.523,119.788,112.981
252700,262.517,118.959,113.401
253400,260.948,117.291,116.33
254100,263.453,118.185,114.678
254800,265.462,119.467,116.206
255500,263.427,115.924,118.067
256200,271.731,119.36,122.333
256900,264.034,115.303,117.305
257600,268.383,116.355,122.207
258300,265.802,114.078,121.075
259000,261.584,113.602,116.355
259700,271.316,117.812,123.252
260400,263.997,114.649,117.672
261100,262.261,117.68,116.156
261800,259.326,114.903,113.643
262500,269.749,118.933,121.11
263200,256.369,113.644,114.219
263900,253.739,113.09,112.248
264600,253.62,113.136,114.395
265300,259.111,115.162,116.676
266000,254.625,110.933,116.366
266700,253.662,111.65,115.057
267400,261.411,114.662,118.062
268100,257.378,112.465,120.33
268800,252.426,113.217,114.367
269500,258.423,114.031,119.452
270200,261.293,114.869,121.342
270900,264.069,113.593,123.738
271600,254.908,112.851,116.729
272300,249.773,110.722,115.051
273000,252.691,110.425,115.949
273700,260.763,114.855,119.511
274400,261.458,113.438,119.238
275100,260.735,115.526,118.208
275800,268.699,121.913,119.148
276500,267.703,116.038,121.76
277200,261.535,116.076,116.298
277900,250.893,112.144,112.019
278600,258.642,114.184,118.554
279300,258.058,113.349,116.012
280000,262.435,115.891,117.816
280700,265.988,116.929,120.467
281400,265.809,115.387,121.287
282100,270.48,119.883,123.205
282800,269.543,119.719,122.33
283500,261.881,117.169,116.771
284200,261.455,113.501,117.633
284900,262.222,116.725,119.283
285600,268.538,117.914,123.099
286300,265.961,115.417,121.671
287000,263.748,114.325,121.393
287700,268.769,115.777,124.128
288400,257.962,111.706,120.638
289100,260.807,115.235,119.678
289800,262.438,118.417,120.584
290500,260.624,116.068,119.723
291200,264.81,118.508,122.654
291900,260.787,118.059,119.301
292600,260.766,115.599,119.095
293300,259.59,114.678,117.778
294000,253.773,112.387,116.757
294700,256.488,113.547,119.531
295400,260.139,113.488,119.639
296100,255.851,114.476,117.731
296800,261.457,113.078,122.515
297500,262.056,117.396,119.43
298200,255.999,114.918,115.773
298900,260.061,114.922,119.588
299600,263.166,116.155,120.361
300300,259.76,116.179,119.406
301000,261.789,117.075,121.854
301700,264.315,115.433,125.426
302400,262.107,115.113,123.744
303100,264.347,116.687,125.417
303800,264.621,115.257,123.851
304500,259.267,112.969,121.466
305200,264.662,116.244,121.881
305900,266.385,115.819,122.999
306600,273.391,118.482,127.331
307300,267.1,123.101,118.356
308000,274.484,122.676,124.301
308700,270.437,116.517,125.216
309400,267.732,114.208,123.625
310100,263.867,114.27,121.257
310800,262.4,116.497,117.536
311500,259.584,117.4,115.794
312200,260.272,115.724,117.131
312900,260.868,112.854,117.881
313600,259.652,115.181,115.427
314300,260.842,117.868,115.467
315000,263.161,120.895,115.408
315700,263.951,118.203,118.485
316400,258.427,116.282,114.515
317100,259.498,115.121,114.693
317800,269.049,115.655,124.172
318500,263.322,116.48,121.058
319200,264.506,115.481,120.738
319900,263.376,114.272,119.844
320600,250.941,113.611,112.904
321300,257.325,113.725,117.976
322000,259.336,112.593,122.039
322700,261.444,114.878,119.175
323400,268.266,119.9,119.535
324100,265.218,114.66,124.216
324800,258.896,114.722,117.547
325500,259.592,114.924,119.191
326200,258.89,115.145,116.849
326900,255.834,115.407,115.051
327600,256.476,111.158,119.572
328300,262.236,117.823,117.838
329000,264.825,119.227,119.47
329700,266.243,117.584,121.853
330400,261.501,118.548,118.386
331100,262.521,118.7,119.661
331800,262.736,115.777,121.586
332500,257.809,114.77,118.435
333200,253.302,114.42,115.224
333900,260.242,114.875,121.867
334600,262.934,116.673,121.762
335300,263.781,116.64,122.661
336000,264.712,121.926,118.145
336700,263.654,116.36,117.509
337400,260.216,115.83,117.871
338100,261.795,114.871,121.635
338800,261.354,114.949,119.353
339500,264.348,116.087,121.431
340200,265.915,118.005,118.391
340900,259.132,113.656,118.096
341600,267.502,118.252,122.103
342300,264.032,118.956,120.955
343000,258.09,114.921,118.163
343700,267.421,118.073,122.517
344400,265.663,120.455,119.048
345100,263.298,120.408,118.162
345800,256.141,118.04,113.613
346500,253.505,116.413,113.839
347200,263.699,117.22,121.059
347900,253.951,115.392,115.208
348600,255.765,117.35,115.124
349300,257.259,116.369,118.253
350000,253.389,114.086,116.871
350700,254.048,114.292,114.344
351400,253.812,114.526,117.06
352100,258.475,113.554,120.214
352800,254.288,117.271,115.322
353500,261.791,117.736,119.561
354200,266.69,121.703,122.354
354900,261.775,118.612,117.921
355600,260.404,118.088,118.789
356300,264.218,122.018,120.105
357000,268.141,123.647,121.803
357700,272.863,124.545,123.064
358400,269.952,123.73,121.54
359100,267.673,122.542,121.753
359800,268.091,121.84,121.722
360500,272.137,126.766,120.096
361200,265.765,120.476,118.472
361900,269.644,121.605,121.217
362600,266.79,121.105,120.363
363300,266.02,119.923,118.792
364000,270.012,120.947,122.629
364700,264.557,121.821,117.626
365400,268.369,121.15,121.397
366100,271.117,122.792,122.377
366800,265.756,121.954,117.859
367500,265.106,121.546,116.564
368200,269.879,122.43,119.763
368900,271.741,119.975,122.742
369600,270.726,122.778,120.428
370300,269.481,122.773,121.259
371000,265.438,119.398,119.425
371700,261.428,117.583,117.756
372400,273.078,121.526,123.46
373100,266.278,118.392,121.698
373800,270.88,120.127,122.977
374500,267.359,120.267,122.997
375200,267.188,120.372,120.81
375900,258.523,117.872,116.381
376600,254.976,113.928,117.84
377300,264.657,119.846,119.997
378000,266.332,120.868,119.773
378700,275.729,123.497,123.664
379400,263.894,119.8,119.504
380100,261.575,114.797,121.982
380800,265.276,118.606,121.407
381500,263.702,116.616,122.547
382200,265.48,118.476,122.31
382900,259.347,117.332,119.411
383600,264.325,120.486,121.478
384300,268.469,119.996,125.268
385000,260.063,118.778,121.616
385700,257.155,116.338,120.049
386400,258.29,116.14,120.926
387100,260.436,113.905,120.63
387800,258.773,115.616,120.305
388500,265.006,118.731,122.024
389200,265.076,119.928,120.463
389900,259.418,115.292,120.275
390600,265.028,119.119,121.531
391300,266.565,121.411,119.574
392000,264.193,120.065,122.972
392700,271.658,122.018,125.793
393400,269.114,121.871,123.623
394100,263.237,119.42,120.293
394800,272.181,122.797,124.97
395500,272.184,122.838,126.454
396200,274.665,127.877,125.045
396900,267.393,122.56,124.854
397600,274.07,127.931,124.958
398300,262.624,119.482,122.118
399000,263.201,119.776,122.56
399700,259.205,119.014,120.801
400400,266.144,120.807,124.434
401100,264.784,116.91,126.349
401800,266.113,120.253,125.076
402500,268.451,120.216,125.134
403200,254.679,115.819,117.97
403900,264.299,123.057,120.881
404600,265.284,120.124,122.526
405300,267.85,120.778,124.098
406000,268.393,119.053,126.72
406700,267.573,117.535,125.741
407400,269.637,121.241,125.415
408100,257.501,117.517,118.721
408800,266.323,121.489,120.539
409500,265.382,119.848,122.43
410200,261.036,120.232,119.798
410900,264.775,119.095,122.066
411600,258.799,117.865,121.457
412300,269.882,122.494,125.536
413000,262.178,120.238,121.309
413700,264.621,122.846,119.312
414400,261.088,117.762,121.41
415100,261.079,121.082,119.229
415800,268.469,120.087,126
416500,261.061,118.427,119.823
417200,266.086,124.195,120.47
417900,267.918,122.672,120.631
418600,261.291,120.777,117.26
419300,261.397,120.573,117.766
420000,261.111,119.219,116.88
420700,264.648,119.261,122.06
421400,259.856,117.298,118.157
422100,259.324,115.339,120.614
422800,261.274,118.435,119.868
423500,259.545,117.028,118.669
424200,261.661,117.662,120.851
424900,264.174,119.978,119.543
425600,257.539,118.548,116.797
426300,257.814,118.41,118.333
427000,256.723,115.683,119.09
427700,264.074,116.889,123.982
428400,266.487,121.096,124.714
429100,263.17,120.276,120.266
429800,266.72,123.077,120.566
430500,258.73,118.589,118.193
431200,257.337,118.495,117.374
431900,252.85,115.153,115.064
432600,249.883,115.575,114.2
433300,254.243,117.129,114.406
434000,252.129,116.819,114.249
434700,257.214,117.425,118.182
435400,252.57,116.131,115.985
436100,256.187,120.019,115.274
436800,249.823,115.112,112.569
437500,253.761,118.519,114.828
438200,255.969,116.787,116.872
438900,248.096,116.393,109.933
439600,251.822,116.229,114.049
440300,253.217,116.291,113.677
441000,264.039,121.652,117.861
441700,256.88,120.708,113.362
442400,254.359,121.608,111.272
443100,256.51,120.295,114.535
443800,256.089,119.78,113.504
444500,253.014,119.047,111.912
445200,257.555,121.741,114.098
445900,257.201,119.483,113.755
446600,258.464,117.561,117.182
447300,257.351,118.654,115.822
448000,254.875,119.111,111.967
448700,257.746,122.476,113.924
449400,265.476,125.67,116.281
450100,265.397,125.305,119.037
450800,270.827,127.797,118.456
451500,269.407,125.206,119.26
452200,268.158,125.366,117.569
452900,255.723,117.832,114.599
453600,262.645,117.76,117.796
454300,262.903,120.309,118.297
455000,265.26,118.04,120.907
455700,258.896,117.457,116.959
456400,256.926,118.018,112.515
457100,257.978,118.847,113.987
457800,244.655,111.953,109.669
458500,251.35,112.603,114.684
459200,257.413,114.851,116.357
459900,251.467,110.628,114.61
460600,255.233,114.177,115.767
461300,254.095,112.975,117.18
462000,259.365,115.047,119.094
462700,254.284,113.815,115.699
463400,255.386,112.949,116.163
464100,253.59,112.616,117.139
464800,263.658,115.746,120.296
465500,260.488,116.908,116.54
466200,262.054,117.461,117.213
466900,259.361,115.649,116.755
467600,256.225,115.012,117.474
468300,257.954,117.424,116.897
469000,261.319,117.131,117.102
469700,256.002,114.26,116.642
470400,254.274,113.849,114.123
471100,260.468,115.698,118.581
471800,256.077,115.647,116.904
472500,257.51,116.738,116.318
473200,251.235,114.882,113.283
473900,255.39,114.38,117.656
474600,246.963,110.385,112.564
475300,248.869,112.08,115.123
476000,255.448,114.141,117.33
476700,255.062,115.777,113.953
477400,245.946,112.994,108.703
478100,246.928,110.382,110.296
478800,248.241,109.894,112.63
479500,251.577,114.224,113.622
480200,250.367,113.006,111.296
480900,245.011,108.153,109.915
481600,247.62,109.351,112.882
482300,245.37,107.634,111.975
483000,248.036,109.494,112.392
483700,245.217,110.439,106.212
484400,243.17,109.416,109.968
485100,246.32,110.566,111.07
485800,249.26,110.57,110.21
486500,243.23,109.452,110.079
487200,241.388,111.884,106.083
487900,242.241,111.599,107.532
488600,242.737,111.26,109.992
489300,249.083,115.4,111.412
490000,243.423,111.583,107.762
490700,241.522,111.311,108.195
491400,240.026,109.711,106.783
492100,245.931,109.505,111.881
492800,243.364,111.875,108.592
493500,239.127,109.76,105.591
494200,237.09,110.716,103.253
494900,239.849,110.545,106.912
495600,243.662,114.673,107.481
496300,244.093,111.282,111.855
497000,245.601,112.013,111.473
497700,241.731,110.107,110.484
498400,243.888,113.862,107.836
499100,247.962,114.488,110.273
499800,243.979,108.846,112.663
500500,241.36,109.409,110.283
501200,250.2,110.295,112.627
501900,244.742,109.227,113.185
502600,247.791,112.178,113.04
503300,247.901,112.906,113.808
504000,248.345,113.147,111.89
504700,248.219,112.872,111.296
505400,249.176,114.923,110.583
506100,246.712,114.541,111.182
506800,245.535,111.027,111.52
507500,245.501,111.013,111.741
508200,249.037,112.837,112.911
508900,239.333,108.944,109.259
509600,245.831,110.25,114.479
510300,240.639,109.711,109.602
511000,241.514,112.926,107.603
511700,241.056,112.322,106.443
512400,243.884,111.673,109.831
513100,246.009,110.156,111.823
513800,244.564,113.182,107.983
514500,248.396,112.462,113.013
515200,241.5,111.967,107.61
515900,244.023,111.207,110.479
516600,240.638,108.934,109.972
517300,242.559,111.211,109.182
518000,242.783,108.426,111.451
518700,247.338,111.204,112.508
519400,244.894,109.286,113.885
520100,241.323,108.763,112.204
520800,244.371,109.508,112.343
521500,239.782,108.972,108.413
522200,237.799,108.7,107.968
522900,240.669,107.102,111.387
523600,250.031,112.861,113.678
524300,248.852,114.77,110.127
525000,248.886,111.891,114.891
525700,245.1,109.964,112.646
526400,243.542,110.501,109.364
527100,239.133,106.647,110.256
527800,241.794,109.54,110.481
528500,245.123,110.454,114.159
529200,240.933,111.468,106.586
529900,246.609,113.237,110.602
530600,247.048,109.295,115.837
531300,244.158,112.052,111.912
532000,244.631,111.067,113.112
532700,238.095,107.201,108.578
533400,240.628,109.308,111.69
534100,249.249,112.096,114.541
534800,237.695,108.09,108.948
535500,243.729,111.17,111.132
536200,241.021,108.855,111.001
536900,238.477,110.627,107.51
537600,237.525,107.31,110.363
538300,233.536,104.781,107.883
539000,238.066,105.852,109.574
539700,238.741,108.75,108.051
540400,238.614,107.495,109.639
541100,235.338,107.012,106.555
541800,239.806,105.346,109.294
542500,244.406,108.273,113.225
543200,246.359,109.771,110.556
543900,241.284,105.76,111.771
544600,240.405,107.025,109.728
545300,233.03,105.31,104.385
546000,239.415,106.341,108.534
546700,244.445,108.977,110.01
547400,248.385,112.21,112.692
548100,247.355,112.863,110.019
548800,237.384,106.905,107.129
549500,238.987,105.874,108.524
550200,242.805,107.965,109.733
550900,236.941,104.231,106.707
551600,231.78,103.515,104.26
552300,233.066,105.219,104.597
553000,234.265,105.893,104.833
553700,237.697,108.33,105.777
554400,236.962,106.837,106.668
555100,237.471,106.385,106.527
555800,233.635,105.362,103.629
556500,235.209,106.509,105.267
557200,235.212,107.761,104.918
557900,238.565,109.211,106.68
558600,240.086,108.589,104.777
559300,241.041,109.808,106.203
560000,236.645,105.341,106.241
560700,236.225,103.673,109.049
561400,238.83,109.74,106.4
562100,244.203,107.581,111.21
562800,240.304,107.309,108.811
563500,233.642,106.493,104.524
564200,238.496,108.017,108.388
564900,236.823,106.966,105.581
565600,237.697,109.184,103.527
566300,236.869,109.167,104.726
567000,236.717,106.146,105.171
567700,237.896,105.892,106.417
568400,234.474,107.463,102.274
569100,237.385,106.159,105.736
569800,239.687,108.108,104.41
570500,234.823,106.475,103.99
571200,232.46,104.964,103.247
571900,235.422,108.781,102.66
572600,231.962,107.277,102.079
573300,242.596,110.422,108.507
574000,244.302,112.914,108.067
574700,237.815,109.265,104.646
575400,242.769,108.326,110.139
576100,242.183,111.265,107.919
576800,239.382,108.234,107.375
577500,242.578,109.413,106.359
578200,234.489,104.985,106.128
578900,238.562,107.701,104.328
579600,235.333,105.164,106.049
580300,235.987,105.871,103.925
581000,238.881,105.29,108.203
581700,233.625,105.814,104.301
582400,240.55,110.232,107.199
583100,243.512,109.402,108.398
583800,237.422,106.569,107.247
584500,236.004,105.705,104.587
585200,232.025,103.271,104.39
585900,235.912,106.714,105.279
586600,238.51,107.169,106.835
587300,236.396,105.592,107.072
588000,235.735,105.117,106.555
588700,236.684,106.236,106.193
589400,240.183,109.994,105.933
590100,237.447,106.704,104.77
590800,237.1,108.747,103.619
591500,235.814,107.345,104.243
592200,241.593,107.552,109.549
592900,239.894,109.44,106.902
593600,236.63,107.374,106.038
594300,239.204,107.437,106.294
595000,239.645,107.156,107.797
595700,239.187,108.909,107.653
596400,243.03,109.805,107.374
597100,243.74,109.569,108.56
597800,244.166,108.897,110.968
598500,238.982,106.482,107.758
599200,240.187,104.28,109.843
599900,237.84,105.315,108.25
600600,237.541,106.573,106.762
601300,239.651,106.308,108.542
602000,236.38,104.481,105.986
602700,240.828,104.057,110.47
603400,236.955,104.36,106.552
604100,234.601,102.198,104.581
604800,243.38,107.068,108.596
605500,245.27,108.156,110.578
606200,245.147,109.59,108.356
606900,243.274,111.094,106.669
607600,238.329,108.322,105.015
608300,242.583,107.243,108.603
609000,242.156,108.489,107.227
609700,245.276,105.023,111.737
610400,250.369,109.98,111.775
611100,247.425,109.642,109.501
611800,250.57,109.503,111.086
612500,249.581,108.392,112.883
613200,245.423,108.124,110.569
613900,241.15,104.579,109.081
614600,240.934,107.278,105.847
615300,237.7,106.732,104.609
616000,247.301,109.602,110.33
616700,239.116,108.745,102.165
617400,242.959,109.376,108.444
618100,247.114,112.332,109.419
618800,250.173,109.057,113.434
619500,243.171,106.673,107.772
620200,244.562,110.215,105.872
620900,241.406,104.715,107.261
621600,243.97,105.182,110.827
622300,241.069,108.886,104.894
623000,241.342,107.263,106.872
623700,243.954,105.952,111.733
624400,240.103,107.081,106.621
625100,239.72,108.394,102.574
625800,235.743,104.432,105.597
626500,241.899,107.226,106.893
627200,245.005,108.655,109.178
627900,242.853,108.818,107.944
628600,239.981,106.749,107.921
629300,242.243,107.264,109.219
630000,241.688,107.004,108.561
630700,241.641,106.803,107.718
631400,240.784,106.676,109.981
632100,242.833,109.502,109.402
632800,244.861,110.47,109.728
633500,242.397,107.422,109.713
634200,239.436,108.139,105.879
634900,239.501,106.197,108.521
635600,239.868,106.39,107.303
636300,243.852,106.03,110.224
637000,239.634,102.593,112.684
637700,240.849,105.327,111.338
638400,241.81,105.589,110.502
639100,247.173,106.505,113.061
639800,240.781,105.302,109.391
640500,246.799,106.915,113.437
641200,245.106,109.145,107.523
641900,240.247,104.055,110.208
642600,244.546,109.373,110.063
643300,241.333,105.785,108.086
644000,235.072,103.279,108.08
644700,233.888,105.033,105.878
645400,235.162,104.013,106.709
646100,231.061,104.407,103.293
646800,239.19,104.967,108.603
647500,233.683,103.999,104.556
648200,238.656,107.977,105.869
648900,243.586,107.29,111.387
649600,241.48,108.926,108.191
650300,244.392,110.589,108.299
651000,240.693,108.794,106.332
651700,246.543,111.912,108.353
652400,243.224,107.373,110.954
653100,242.958,111.097,106.558
653800,244.433,109.771,106.122
654500,236.803,106.839,105.245
655200,243.655,110.223,107.634
655900,243.077,108.752,108.15
656600,244.037,108.334,109.663
657300,235.664,102.996,107.585
658000,235.038,103.859,107.058
658700,249.904,110.51,109.658
659400,246.235,107.976,109.719
660100,242.745,108.282,109.135
660800,248.543,109.522,114.137
661500,251.376,111.999,112.573
662200,249.742,109.474,111.554
662900,255.121,110.704,114.229
663600,249.806,109.781,111.347
664300,243.898,107.586,109.011
665000,247.467,109.087,108.954
665700,249.417,109.484,113.324
666400,250.526,111.425,110.756
667100,250.998,109.661,111.986
667800,253.805,111.775,112.805
668500,254.903,109.008,120.432
669200,249.738,110.623,113.521
669900,242.114,107.155,110.793
670600,250.653,110.697,114.428
671300,247.474,106.804,113.548
672000,247.935,108.883,110.831
672700,242.896,104.384,112.593
673400,251.002,106.408,115.868
674100,249.163,109.93,109.657
674800,245.273,106.848,111.685
675500,244.186,105.729,111.134
676200,250.261,108.333,113.138
676900,245.213,105.985,111.291
677600,246.602,106.975,110.825
678300,246.714,108.973,109.051
679000,248.568,107.613,111.467
679700,251.887,110.756,110.642
680400,254.826,113.608,109.35
681100,256.868,111.867,112.407
681800,254.22,112.761,112.198
682500,249.272,112.518,108.834
683200,255.553,113.771,110.479
683900,253.774,113.163,109.705
684600,250.959,111.562,109.14
685300,247.015,109.82,107.749
686000,250.806,110.625,111.543
686700,250.31,112.247,109.131
687400,246.834,109.945,108.562
688100,244.833,106.782,107.688
688800,251.372,115.443,108.819
689500,251.511,112.077,111.129
690200,255.031,114.389,113.305
690900,249.454,110.755,111.609
691600,249.003,112.409,111.503
692300,257.802,116.011,115.312
693000,250.266,114.772,105.788
693700,254.765,113.087,113.644
694400,257.663,118.496,114.115
695100,256.511,116.085,113.899
695800,249.406,112.998,108.464
696500,245.382,111.365,109.182
697200,249.46,110.324,113.018
697900,249.972,109.942,112.909
698600,243.641,109.137,108.031
699300,249.158,111.02,112.468
700000,248.168,111.311,112.858
