Time (ps),P1_RMSD,P2_RMSD,P3_Time,P3_RMSD,P4_Time,P4_RMSD,P5_Time,P5_RMSD
0,4.600843,4.1558671,0,3.4682972,0,3.3369184,0,2.8001761
700,4.6016645,4.0073471,600,4.9214416,600,4.2785044,1000,3.2293847
1400,5.3850431,4.4097986,1200,5.3856988,1200,4.6727548,2000,3.0306988
2100,5.7783103,4.4720769,1800,5.3832169,1800,5.4387684,3000,4.1419821
2800,5.5586624,4.6627517,2400,5.2147408,2400,4.8352551,4000,4.3914618
3500,5.8846021,4.7368245,3000,5.2781019,3000,5.6044564,5000,3.8144758
4200,6.1815362,4.9099154,3600,5.419888,3600,5.8770237,6000,4.6020975
4900,5.8207417,5.0112643,4200,5.438355,4200,5.8856392,7000,4.0691247
5600,6.4072323,4.9703574,4800,5.8354836,4800,5.5407615,8000,4.6016254
6300,5.9510126,4.442688,5400,5.1184716,5400,6.0402083,9000,4.2778845
7000,6.1841946,4.8266253,6000,5.4174657,6000,6.3567514,10000,4.7697806
7700,6.2230101,5.4005508,6600,5.6911139,6600,6.5537748,11000,4.8188219
8400,6.063252,4.9375844,7200,6.0656013,7200,6.1525817,12000,4.5794301
9100,6.0893536,5.0148134,7800,5.5574579,7800,5.9641466,13000,4.951251
9800,6.1095314,4.7469034,8400,6.1162996,8400,5.9284887,14000,5.4753909
10500,5.8513775,5.0300088,9000,5.8263903,9000,5.9670763,15000,5.4534392
11200,6.1954727,5.1768193,9600,5.5289555,9600,6.3330002,16000,5.6856513
11900,6.5848479,5.4293151,10200,5.5053692,10200,5.7451982,17000,5.668766
12600,6.2691216,5.4926043,10800,5.5687685,10800,5.8467665,18000,5.1314964
13300,6.4630728,5.6564012,11400,5.5493073,11400,5.8372326,19000,4.8404956
14000,6.2925191,5.770648,12000,5.6550903,12000,6.044107,20000,4.9032598
14700,6.2236428,5.7260261,12600,5.7785673,12600,6.0375781,21000,4.5484667
15400,6.2787538,5.5583725,13200,5.6207819,13200,6.2581468,22000,4.9126854
16100,6.3116736,4.9842014,13800,5.5333171,13800,6.2360082,23000,3.7022274
16800,6.1987481,5.1890535,14400,5.6668649,14400,6.1843514,24000,3.329453
17500,6.6202431,5.4171915,15000,5.5929437,15000,6.256597,25000,4.5043907
18200,6.4217377,5.497458,15600,5.5453444,15600,6.2043791,26000,4.4844871
18900,6.6087947,5.6780396,16200,5.7602615,16200,6.0051179,27000,5.4470277
19600,6.0076504,5.5530915,16800,5.4579716,16800,5.9804363,28000,5.1318102
20300,5.8739591,5.6460338,17400,5.5522633,17400,6.142087,29000,5.2161503
21000,6.3673363,5.344327,18000,5.5611396,18000,5.9350634,30000,4.9462962
21700,6.16716,5.3753223,18600,5.6177344,18600,6.2255826,31000,5.5537329
22400,5.7757187,5.2965841,19200,5.7036724,19200,6.1885214,32000,4.9325519
23100,5.6879239,5.7985206,19800,5.7665739,19800,6.230886,33000,4.2117238
23800,5.7882018,5.6065989,20400,5.5661049,20400,6.1629882,34000,3.6722431
24500,5.6805701,5.2709465,21000,5.8763976,21000,6.2479401,35000,4.5374093
25200,6.1724005,5.5095992,21600,5.6155167,21600,6.5988989,36000,5.4054441
25900,6.2141018,5.5946217,22200,5.5460782,22200,6.5091906,37000,5.3682084
26600,6.0462828,5.7835088,22800,5.6725855,22800,6.6345077,38000,5.4692225
27300,6.1024241,5.8095036,23400,5.5382991,23400,6.4743795,39000,5.0891862
28000,5.9835005,5.9560447,24000,5.8689137,24000,6.2150631,40000,5.4329362
28700,5.9413977,5.6951938,24600,5.5910487,24600,6.2570353,41000,5.5937352
29400,5.9183249,5.7324762,25200,5.932416,25200,6.6068392,42000,5.0780864
30100,5.9735365,5.7321754,25800,5.780056,25800,6.3993764,43000,5.6224756
30800,6.1927128,5.7612777,26400,5.6843023,26400,6.3449359,44000,5.6716371
31500,5.6555705,5.3859577,27000,5.6189823,27000,6.2176247,45000,6.2135053
32200,5.7600169,5.7032127,27600,5.6260824,27600,6.0682702,46000,6.1830807
32900,5.8798838,5.6739554,28200,6.111495,28200,6.133779,47000,6.0097537
33600,5.7918205,5.6473522,28800,6.4262543,28800,5.9653468,48000,5.527092
34300,5.7685113,5.6012626,29400,6.6105962,29400,5.8528233,49000,4.6906738
35000,5.5666833,5.6989317,30000,5.782434,30000,5.9321733,50000,5.2323756
35700,5.584239,5.6413279,30600,6.265738,30600,5.5307159,51000,4.8627892
36400,5.8199525,5.6993446,31200,6.0193958,31200,5.7074943,52000,4.9600291
37100,5.7642703,5.8931193,31800,6.0362391,31800,5.4880176,53000,5.0059309
37800,5.7660136,5.9442081,32400,5.8882451,32400,5.61725,54000,4.5816412
38500,5.6530809,5.9031954,33000,5.7166157,33000,5.6227422,55000,5.0578008
39200,5.6990919,5.9371877,33600,5.6176233,33600,5.5256352,56000,5.0399928
39900,5.6424575,5.8313146,34200,5.6633878,34200,5.6447606,57000,5.1732254
40600,5.5026889,5.8436489,34800,5.5916486,34800,5.8903818,58000,5.358633
41300,5.7033339,5.8569775,35400,5.5048208,35400,5.7457981,59000,5.1430745
42000,5.223803,5.4476328,36000,5.4957528,36000,6.0985742,60000,4.7106142
42700,5.6528521,5.5122409,36600,5.3970017,36600,5.9125471,61000,5.2413979
43400,5.5700855,5.3902626,37200,5.4503889,37200,5.6444716,62000,4.9311123
44100,5.4845839,5.476881,37800,5.4488916,37800,5.6758275,63000,4.7521348
44800,5.4731278,5.7250185,38400,5.5924587,38400,5.6905036,64000,4.4201374
45500,5.6971211,5.766942,39000,5.4634581,39000,5.7193928,65000,4.4389668
46200,5.6217408,5.6423712,39600,5.5378418,39600,5.9133306,66000,4.581933
46900,5.605114,5.5637965,40200,5.7660356,40200,5.9446845,67000,4.1569705
47600,5.5967188,5.8956175,40800,5.8131108,40800,5.8609633,68000,4.5198469
48300,5.558722,5.4884973,41400,5.7425065,41400,5.819437,69000,4.5755134
49000,5.2723317,5.4111991,42000,5.6967368,42000,6.0475235,70000,5.0243425
49700,5.5428772,5.7786551,42600,5.6906309,42600,6.097847,71000,4.5460744
50400,5.7763066,5.6932526,43200,5.7702217,43200,5.8816013,72000,4.5839362
51100,5.6679306,5.8389492,43800,5.6859107,43800,6.1881199,73000,4.2825894
51800,5.6685343,5.5296187,44400,5.5668817,44400,5.7254419,74000,3.7698257
52500,6.002615,5.9547806,45000,5.6699181,45000,6.0290074,75000,3.8659182
53200,5.4488111,5.7562361,45600,5.7271819,45600,6.3119173,76000,3.9701922
53900,5.5012441,6.1163411,46200,5.7929688,46200,6.5834541,77000,4.1560044
54600,5.6021695,5.9625726,46800,5.7739229,46800,6.4622135,78000,4.2844181
55300,5.6220522,6.3534575,47400,5.6887908,47400,6.4798522,79000,4.7727809
56000,5.5331211,5.9061146,48000,5.7690206,48000,6.5329762,80000,4.2369814
56700,5.7708359,5.9931269,48600,5.7514958,48600,6.8255019,81000,5.425097
57400,5.7282748,6.2631435,49200,5.8343906,49200,6.9314785,82000,5.094738
58100,5.8774333,6.0328627,49800,5.8711882,49800,6.827301,83000,5.3044438
58800,5.6317234,6.3641882,50400,5.8203268,50400,6.6722717,84000,5.4424262
59500,5.6075459,5.7883978,51000,5.760076,51000,6.8474193,85000,5.1689258
60200,5.5581989,6.3036828,51600,5.6526136,51600,7.0791779,86000,4.2809587
60900,5.6795187,5.7548642,52200,5.8708801,52200,6.7377348,87000,3.9363637
61600,5.6507139,5.8347354,52800,5.7354345,52800,6.9045196,88000,5.1565347
62300,5.6135616,6.0665269,53400,5.7359819,53400,6.9594641,89000,5.0233049
63000,6.0452166,6.048687,54000,5.7597704,54000,6.7774348,90000,4.6050677
63700,5.8551888,6.0206804,54600,5.7644725,54600,6.9408865,91000,5.0944629
64400,5.6619873,6.1676655,55200,5.7420931,55200,7.2397213,92000,4.9116158
65100,5.7588887,5.8997188,55800,5.7760515,55800,6.9195976,93000,4.9268703
65800,5.643621,6.2338777,56400,5.7338114,56400,6.8312006,94000,5.0684042
66500,5.8676319,6.1050735,57000,5.6907969,57000,6.3593373,95000,5.278255
67200,5.7873435,6.0602121,57600,5.7074933,57600,6.4100261,96000,5.6906738
67900,5.7878518,6.0369601,58200,5.7776337,58200,6.711236,97000,5.413136
68600,5.6997905,5.9906473,58800,5.6936765,58800,6.288702,98000,5.5177917
69300,5.8103137,6.2401323,59400,5.7165809,59400,6.6268911,99000,5.5998688
70000,5.6018276,6.1440167,60000,5.6764207,60000,6.7892528,100000,5.8454814
70700,5.6260266,5.8764272,60600,5.5953283,60600,6.5753512,101000,5.0534248
71400,5.7320161,5.9305663,61200,5.7299271,61200,6.5198207,102000,5.2545862
72100,5.7603831,6.1337686,61800,5.7264414,61800,6.5742235,103000,5.6647978
72800,5.7519517,6.1264944,62400,5.5852036,62400,6.6308985,104000,5.044765
73500,5.4809217,5.9539046,63000,5.5814438,63000,6.5214086,105000,5.1335044
74200,5.7771993,5.9108715,63600,5.7008395,63600,6.3476744,106000,5.5614781
74900,5.8770118,5.6277256,64200,5.0987411,64200,6.72651,107000,5.7100668
75600,5.7661152,6.2178311,64800,5.137764,64800,6.7142467,108000,6.1652107
76300,5.9092011,6.2547646,65400,5.5759163,65400,6.5167789,109000,6.2864366
77000,6.0322495,6.1473026,66000,5.388526,66000,6.7223926,110000,6.3412371
77700,5.8875751,6.0607972,66600,5.1255126,66600,6.8223081,111000,6.1711898
78400,6.0130615,5.8188138,67200,5.6532893,67200,6.4601164,112000,6.3442254
79100,6.1896963,5.8464971,67800,5.3940792,67800,6.6508846,113000,6.0511107
79800,6.3097248,5.9891305,68400,5.4069848,68400,6.5298171,114000,6.0356083
80500,5.7615414,6.1054702,69000,5.5388403,69000,6.6291003,115000,6.1631727
81200,6.1410556,6.5075769,69600,5.92838,69600,6.7940445,116000,5.6092973
81900,6.1005836,6.1017046,70200,5.4184146,70200,6.4403191,117000,5.6702838
82600,5.9559145,5.8559957,70800,5.5762882,70800,6.7171526,118000,5.9651065
83300,6.1479344,5.8194261,71400,5.5932641,71400,6.8956089,119000,5.7717853
84000,6.3507996,5.8167911,72000,5.7868857,72000,6.7656846,120000,5.774478
84700,6.2683434,5.8976493,72600,5.4450912,72600,7.0722532,121000,5.4462991
85400,6.1285729,5.9190745,73200,5.3444843,73200,6.890377,122000,5.5490456
86100,6.0509372,5.7966933,73800,5.5197821,73800,6.5505199,123000,5.6080499
86800,5.9298706,5.8595829,74400,5.5532665,74400,7.0606756,124000,5.6786637
87500,6.1364079,6.0286798,75000,5.2895408,75000,7.102365,125000,5.4535561
88200,5.9051776,5.8591213,75600,5.8241768,75600,6.7326217,126000,5.5928588
88900,6.2717743,5.6809487,76200,5.3241768,76200,6.847497,127000,5.7568116
89600,6.2506351,5.9862766,76800,5.8225183,76800,7.2028894,128000,5.9820242
90300,6.042222,6.0337758,77400,5.7787743,77400,7.4462924,129000,5.7983932
91000,6.3282175,5.8552771,78000,5.7937574,78000,7.3582945,130000,5.3933768
91700,5.9992976,5.9763989,78600,5.8228321,78600,6.7649679,131000,5.3086677
92400,6.1842222,5.9577909,79200,5.8120837,79200,6.8400455,132000,5.7822294
93100,5.9485188,6.1087518,79800,5.7878857,79800,6.9147835,133000,5.2822981
93800,6.1313334,6.0383625,80400,5.7488589,80400,6.972929,134000,5.2630358
94500,6.2311873,6.0212827,81000,5.6147079,81000,6.9895983,135000,5.9039793
95200,5.8893223,5.8808022,81600,5.6593866,81600,6.9417524,136000,5.4985123
95900,5.8672667,6.093317,82200,5.293014,82200,7.38972,137000,5.4602771
96600,5.995029,5.8768268,82800,5.3587651,82800,6.6611161,138000,5.3192444
97300,6.2591605,6.0564761,83400,5.2626548,83400,6.9442205,139000,5.4692607
98000,6.4638209,5.9135036,84000,5.634994,84000,7.0285182,140000,5.4498963
98700,6.3463478,5.9781432,84600,5.5797348,84600,6.947948,141000,4.9632087
99400,6.3903894,5.5007172,85200,5.2512422,85200,7.1466827,142000,5.0979419
100100,6.020133,5.4886141,85800,5.7554784,85800,7.3230896,143000,5.158154
100800,6.1650219,5.7756519,86400,5.349308,86400,7.2043519,144000,4.9870677
101500,6.292377,5.6788869,87000,5.8922558,87000,7.0343623,145000,5.3102908
102200,6.2733493,5.4275341,87600,5.9128184,87600,6.6628556,146000,5.1630807
102900,6.1368389,5.849813,88200,5.7637143,88200,6.6237864,147000,5.4382215
103600,6.0825677,5.5656581,88800,5.705246,88800,6.7547827,148000,5.1153874
104300,6.2552791,5.4675522,89400,5.3548231,89400,6.7069974,149000,5.4364676
105000,6.4176846,5.497292,90000,5.9948416,90000,6.8249154,150000,5.1030569
105700,6.4490867,5.5618472,90600,5.4852538,90600,7.3708792,151000,5.4235668
106400,6.278667,5.5847487,91200,5.3976221,91200,6.9301801,152000,5.5185719
107100,6.2458735,5.5952153,91800,5.4791517,91800,6.6967616,153000,5.1358519
107800,6.1994638,5.8093929,92400,5.3338137,92400,6.9592762,154000,6.1588087
108500,6.4905591,6.0357432,93000,5.4800119,93000,7.012888,155000,6.0411081
109200,6.5759382,6.2907643,93600,5.6765294,93600,7.3235912,156000,6.093801
109900,6.4264712,6.0754108,94200,5.6345391,94200,7.2917953,157000,5.627882
110600,6.2276797,5.7892027,94800,5.4734292,94800,6.8946443,158000,5.559762
111300,6.5663514,6.2343178,95400,5.6298003,95400,6.800879,159000,5.8893967
112000,6.2396655,5.993856,96000,5.6777215,96000,6.9321527,160000,5.6878929
112700,6.4186106,5.9773226,96600,5.4614172,96600,6.5780149,161000,6.0078239
113400,6.45647,6.1071477,97200,5.5170469,97200,7.2073088,162000,5.7356601
114100,6.478426,5.4746671,97800,5.6327128,97800,7.1100063,163000,5.7012811
114800,6.3314328,6.094172,98400,5.5127397,98400,7.0843973,164000,5.4640284
115500,6.0193405,5.6188145,99000,5.5646963,99000,7.2776198,165000,5.484653
116200,6.4930301,5.5633883,99600,5.5190811,99600,7.0679703,166000,5.4823313
116900,6.1174436,5.2303462,100200,5.4958525,100200,7.1851339,167000,5.7073669
117600,6.2686839,5.4762926,100800,5.4864001,100800,6.9459176,168000,5.8944912
118300,6.2718062,5.5165124,101400,5.5590968,101400,6.9250817,169000,5.8319778
119000,6.2472191,5.5645061,102000,5.5420876,102000,6.6826119,170000,5.7208705
119700,6.4565229,5.2764583,102600,5.5569201,102600,6.534318,171000,5.7323155
120400,6.3554959,5.3952847,103200,5.4535489,103200,6.8215222,172000,5.7744808
121100,6.3556228,5.4112172,103800,5.6133428,103800,6.6081023,173000,5.7889905
121800,6.3614511,5.2007957,104400,5.587791,104400,6.5988894,174000,5.6070132
122500,6.2874327,5.3056321,105000,5.6892619,105000,6.6221595,175000,5.652287
123200,6.4330688,5.4122396,105600,5.5634017,105600,6.5127163,176000,5.0119748
123900,6.3630018,5.5513325,106200,5.4986706,106200,6.5515113,177000,5.4134054
124600,6.7231889,5.9969072,106800,5.3858395,106800,6.8396616,178000,5.4366803
125300,6.6534081,5.8274846,107400,5.7186794,107400,7.2030034,179000,4.8953242
126000,6.631218,6.0757065,108000,5.6947517,108000,6.7931509,180000,4.9686437
126700,6.6048131,6.053266,108600,5.6793213,108600,6.8530102,181000,5.3105407
127400,6.6836495,6.0964761,109200,5.5605812,109200,6.8060675,182000,4.8761487
128100,6.396173,6.0961704,109800,5.360651,109800,6.7222056,183000,5.0368876
128800,6.5355806,5.794261,110400,5.6416507,110400,6.7261586,184000,5.2392759
129500,6.394383,5.7305684,111000,5.7126956,111000,6.9407263,185000,5.8576803
130200,6.7548656,5.2998013,111600,5.6226611,111600,6.9836206,186000,5.2354455
130900,5.9621348,5.5164456,112200,5.6152768,112200,6.600986,187000,5.287076
131600,6.2790041,5.8232069,112800,5.5583177,112800,6.720015,188000,5.2900386
132300,6.4365497,5.491621,113400,5.7136583,113400,6.5611811,189000,5.9054809
133000,6.2326531,5.5503764,114000,5.7690978,114000,6.4026761,190000,5.5544567
133700,6.2788968,5.4234977,114600,5.7870693,114600,6.4506583,191000,5.6239243
134400,6.6194205,5.469357,115200,5.8106294,115200,6.9404135,192000,5.8333139
135100,6.4162703,5.6728759,115800,5.6875014,115800,6.8699489,193000,5.6447926
135800,6.3418894,5.9135528,116400,5.8245082,116400,6.9441109,194000,5.6932621
136500,6.228776,5.4552021,117000,5.4337864,117000,6.4673862,195000,5.8933964
137200,6.1061182,5.3742871,117600,5.4791608,117600,6.9148631,196000,5.8878188
137900,6.0438886,5.4201503,118200,5.6907244,118200,7.1618171,197000,5.860024
138600,5.931354,5.9080911,118800,5.3426485,118800,7.1317754,198000,5.856638
139300,6.1781383,5.9438696,119400,5.4408035,119400,7.1108189,199000,5.3703432
140000,5.9844446,5.4556541,120000,5.8501863,120000,6.9982138,200000,5.0655351
140700,5.9539371,6.3089085,120600,5.4824076,120600,6.8501501,201000,5.4106874
141400,5.9109693,5.8011141,121200,5.4454174,121200,6.6986113,202000,5.20263
142100,5.8383808,5.8066759,121800,5.7566214,121800,6.6540875,203000,4.8514614
142800,5.7407885,5.8087373,122400,5.4861622,122400,6.8431692,204000,5.170671
143500,5.6312852,6.0837297,123000,5.8639827,123000,6.2721424,205000,4.7185512
144200,5.5923247,5.7883725,123600,5.5122886,123600,6.8228965,206000,5.353322
144900,5.6034904,5.6202407,124200,5.3604579,124200,6.6700058,207000,4.7141614
145600,5.6508245,5.5749469,124800,5.4272871,124800,6.7500653,208000,5.5603409
146300,5.9359746,6.2425513,125400,5.5972333,125400,7.0267925,209000,5.5950131
147000,5.7210212,5.857841,126000,5.6216254,126000,6.8728275,210000,4.9822989
147700,5.8182969,6.0231466,126600,5.5308704,126600,6.8992367,211000,5.565464
148400,5.809474,5.8182182,127200,5.4566164,127200,6.9749479,212000,5.3230462
149100,5.7928009,5.9265928,127800,5.5172105,127800,6.959754,213000,5.4386444
149800,5.7844734,5.897738,128400,5.5292249,128400,6.6666789,214000,5.2941422
150500,5.877368,6.1532836,129000,5.4171181,129000,6.9112568,215000,5.7100525
151200,5.9133372,6.1379523,129600,5.4087157,129600,6.7163382,216000,5.5008011
151900,5.9786792,5.8698034,130200,5.4080663,130200,6.7632165,217000,5.1852884
152600,6.0579519,5.6664233,130800,5.3966484,130800,6.3326507,218000,5.1247678
153300,5.9607439,6.1369853,131400,5.3968554,131400,6.5649118,219000,5.3923483
154000,6.101963,6.1062717,132000,5.3899293,132000,6.1896181,220000,5.2561746
154700,6.235538,5.9797096,132600,5.384707,132600,6.6958351,221000,4.9935083
155400,6.3476381,6.2569466,133200,5.4589286,133200,7.0627213,222000,4.9099259
156100,6.3559046,5.882648,133800,5.3669782,133800,5.9542542,223000,5.0545087
156800,5.907434,6.15904,134400,5.3524613,134400,6.5127707,224000,5.1464601
157500,6.1841998,5.5009575,135000,5.3203621,135000,6.3600602,225000,5.5437851
158200,6.0809417,6.0546165,135600,5.3843932,135600,6.3733182,226000,5.9379134
158900,6.1973,5.7902403,136200,5.3681922,136200,6.3650441,227000,5.581316
159600,6.437984,6.2106848,136800,5.3100624,136800,6.2309055,228000,5.1810513
160300,6.2183805,6.1061621,137400,5.3755569,137400,6.6121821,229000,5.5426831
161000,6.0721583,6.1422205,138000,5.325036,138000,6.6627564,230000,5.5740733
161700,6.0612001,5.8887701,138600,5.4877973,138600,6.4894633,231000,5.1737113
162400,6.1064181,5.8523631,139200,5.4691796,139200,6.549068,232000,5.3874865
163100,5.8945198,5.7453399,139800,5.3592587,139800,6.5504479,233000,5.7820272
163800,6.4703083,6.1311302,140400,5.4949031,140400,7.0418677,234000,5.4223366
164500,6.2915645,5.989686,141000,5.4380116,141000,6.7798347,235000,5.6061802
165200,6.0038195,5.693995,141600,5.7886291,141600,7.0310025,236000,5.3474169
165900,5.9058275,5.7714677,142200,5.7329435,142200,6.1339993,237000,5.2064309
166600,5.8264189,5.6811829,142800,5.8070431,142800,6.4014459,238000,5.7265139
167300,5.8267417,5.6794949,143400,5.7350817,143400,6.5933313,239000,5.6920466
168000,5.8721857,5.8051648,144000,5.7633119,144000,6.3165898,240000,5.7269125
168700,5.9959621,6.3564005,144600,5.467371,144600,6.6122432,241000,5.2761703
169400,6.2368913,6.3674102,145200,5.3469377,145200,6.6902342,242000,5.697875
170100,6.1920934,6.1021481,145800,5.33846,145800,6.6613979,243000,5.0242124
170800,6.2093425,6.4179096,146400,5.40732,146400,6.5980868,244000,5.907156
171500,6.2896781,6.2877736,147000,5.354116,147000,6.6236324,245000,5.3793635
172200,6.3506804,6.1953969,147600,5.4748974,147600,6.4208555,246000,5.4952679
172900,6.3553782,5.8994374,148200,5.3304811,148200,6.6430001,247000,5.6913066
173600,6.4130802,5.9386296,148800,5.4946361,148800,6.7529168,248000,5.7573228
174300,6.4867024,5.6523876,149400,5.6036167,149400,6.6933117,249000,5.6983128
175000,6.4518909,5.8766456,150000,5.4707518,150000,6.5993652,250000,5.5215325
175700,6.5058923,5.5270309,150600,5.519094,150600,6.7622185,251000,5.6064348
176400,6.4053984,5.4559617,151200,5.2906041,151200,6.4735265,252000,5.56462
177100,6.3614378,5.560997,151800,5.3461146,151800,6.6266437,253000,5.5797572
177800,6.3964944,5.4881616,152400,5.475141,152400,6.8386078,254000,6.0629582
178500,6.4494667,5.6260672,153000,5.4685168,153000,7.0916629,255000,5.7536674
179200,6.5043216,5.6216898,153600,5.4034023,153600,6.2357101,256000,5.8989391
179900,6.3628597,5.9094195,154200,5.3256216,154200,6.2754812,257000,5.8029952
180600,6.3117766,5.9269533,154800,5.3051786,154800,6.4266858,258000,5.8065219
181300,6.4438953,5.9715729,155400,5.2832808,155400,6.6522951,259000,5.5318985
182000,6.3522763,5.8666682,156000,5.3324389,156000,6.6102734,260000,5.7710938
182700,6.4138622,6.031692,156600,5.9773135,156600,6.6846809,261000,5.2963891
183400,6.3380837,5.9233608,157200,5.3046174,157200,6.3385444,262000,5.9536409
184100,6.321466,5.9660368,157800,5.2273226,157800,6.3835826,263000,5.6335201
184800,6.3013539,5.8081198,158400,5.2506218,158400,6.3081346,264000,5.6971803
185500,6.0649829,5.7991691,159000,5.3086314,159000,6.4691205,265000,6.2403369
186200,6.0571775,5.947844,159600,5.3433022,159600,6.2433848,266000,6.3571181
186900,6.1119308,5.813827,160200,5.5878263,160200,6.5488157,267000,6.3222308
187600,5.8775725,5.7899895,160800,5.3293185,160800,6.3194413,268000,5.6760159
188300,6.3649073,5.6093121,161400,5.3329535,161400,6.3234086,269000,5.7900805
189000,6.2323279,5.6500611,162000,5.2532759,162000,6.539577,270000,5.7805896
189700,6.2069564,5.5702105,162600,5.3059363,162600,6.3188772,271000,5.4658132
190400,6.0984812,5.8069119,163200,5.2128639,163200,6.4839411,272000,5.5373297
191100,6.0210938,5.8170233,163800,5.224329,163800,6.3688126,273000,5.7871132
191800,6.1355009,6.2206779,164400,5.2790337,164400,6.6730256,274000,5.3274202
192500,5.9485188,6.0439878,165000,5.3274269,165000,6.6101923,275000,5.54245
193200,6.1056275,5.9489245,165600,5.322309,165600,6.5714226,276000,5.6730771
193900,6.3153601,6.0105548,166200,5.3919697,166200,6.4834533,277000,5.8821106
194600,6.3210444,6.3825483,166800,5.2472677,166800,6.7724156,278000,5.7987132
195300,6.5286098,5.8872647,167400,5.2675982,167400,6.6198401,279000,5.8426037
196000,6.5337558,6.3633394,168000,5.3782215,168000,6.6478658,280000,5.4816918
196700,6.3876734,6.18821,168600,5.3741617,168600,6.4687862,281000,5.8061457
197400,6.6658034,6.3781385,169200,5.3705363,169200,6.4885535,282000,5.7090483
198100,6.4678988,6.0286422,169800,5.3309493,169800,6.7838616,283000,6.0210509
198800,6.6238356,6.2868028,170400,5.2398777,170400,6.7292347,284000,5.6756749
199500,6.4384151,5.7490101,171000,5.3861361,171000,6.5735598,285000,5.5266476
200200,6.5295,6.1526961,171600,5.3457708,171600,6.7025366,286000,5.5580096
200900,6.5369501,5.9631214,172200,5.2952991,172200,7.1021619,287000,5.9527335
201600,6.5585203,5.9610157,172800,5.3431029,172800,6.9331517,288000,5.7331772
202300,6.5179443,5.4010692,173400,5.2364526,173400,6.7915764,289000,5.6136775
203000,6.7411122,5.4841681,174000,5.285398,174000,6.802577,290000,5.6960735
203700,6.5030236,5.4505606,174600,5.3084326,174600,6.4841018,291000,5.9108682
204400,6.4848967,5.5936146,175200,5.342133,175200,6.8296986,292000,5.8318667
205100,6.5628653,5.6546435,175800,5.2237234,175800,6.7535462,293000,5.3633766
205800,6.5031576,5.466598,176400,5.3602467,176400,6.3929148,294000,5.2489877
206500,6.4197812,5.8947244,177000,5.2207775,177000,6.4326496,295000,5.679193
207200,6.3597989,5.8732553,177600,5.3269682,177600,6.533987,296000,5.6848898
207900,6.4698429,5.6997313,178200,5.2961206,178200,6.3559542,297000,5.7800255
208600,6.2678418,5.9064736,178800,5.2934165,178800,6.6522083,298000,5.8454165
209300,6.2454009,5.7255096,179400,5.2181873,179400,5.7953739,299000,5.9840717
210000,6.244493,5.8298898,180000,5.2051282,180000,6.5918136,300000,5.0332303
210700,6.3177748,5.8726168,180600,5.2260919,180600,6.7512074,301000,5.4527793
211400,6.2639809,5.7715664,181200,5.5105557,181200,6.7418642,302000,5.5181003
212100,6.376883,5.9879217,181800,5.5346446,181800,6.1930432,303000,5.7120972
212800,6.0721221,6.090632,182400,5.391335,182400,6.564889,304000,5.6524711
213500,6.1460624,6.2596097,183000,5.3964667,183000,6.341167,305000,5.6035995
214200,6.2070117,5.7309842,183600,5.3684278,183600,6.4400845,306000,5.6802874
214900,6.0826054,5.7869797,184200,5.4174581,184200,6.7709956,307000,5.2618399
215600,6.3345828,5.8223901,184800,5.3673482,184800,6.1558418,308000,5.6161642
216300,6.2158513,6.0962305,185400,5.3560457,185400,6.5660524,309000,5.6486707
217000,5.977149,5.8520913,186000,5.4335909,186000,6.3604388,310000,5.8300381
217700,5.9951115,5.8297014,186600,5.4214954,186600,6.4120641,311000,5.8526354
218400,6.1745291,5.7838006,187200,5.4182134,187200,6.7393241,312000,5.8069277
219100,6.3280354,5.9190307,187800,5.4541874,187800,6.3738728,313000,5.7324953
219800,5.9992957,5.8097591,188400,5.4437928,188400,6.5733647,314000,5.8550406
220500,6.1532865,5.6792889,189000,5.4299116,189000,6.4843583,315000,5.7182651
221200,6.2587237,5.9419847,189600,5.3581791,189600,6.7220435,316000,5.4430304
221900,6.2950463,5.9680595,190200,5.8059778,190200,6.7477288,317000,5.8963151
222600,6.0599737,5.8610764,190800,5.3281031,190800,6.7965441,318000,5.4076796
223300,6.1267138,5.6360846,191400,5.3168726,191400,6.8218331,319000,5.5923676
224000,5.903996,5.6524606,192000,5.8127751,192000,6.6379805,320000,5.749743
224700,5.5157037,5.7472782,192600,5.3262558,192600,6.5513878,321000,5.5754666
225400,5.5509996,5.9310141,193200,5.3100748,193200,6.6010094,322000,5.5330238
226100,5.5247908,5.6214347,193800,5.3167934,193800,6.3851585,323000,5.7534699
226800,5.7654028,5.8525553,194400,5.5813551,194400,6.875783,324000,5.5890617
227500,5.8859982,5.67274,195000,5.6025157,195000,6.4628916,325000,5.5766368
228200,5.870985,5.9608121,195600,5.5848541,195600,6.6380835,326000,5.5692067
228900,5.9869967,5.9057088,196200,5.5841451,196200,6.5432086,327000,5.5428791
229600,5.7437334,5.8411984,196800,5.6203303,196800,6.5725765,328000,5.6268611
230300,5.4275208,5.9313984,197400,5.6239629,197400,6.6559196,329000,5.6520576
231000,5.7823086,5.9609733,198000,5.5600052,198000,7.0901585,330000,5.515348
231700,6.0223165,5.6651669,198600,5.6112709,198600,7.2038441,331000,5.4744964
232400,5.9651966,6.0169868,199200,5.2782149,199200,6.6199055,332000,5.4110179
233100,6.0634465,5.6390038,199800,5.4373665,199800,7.1483598,333000,5.8607621
233800,5.6891055,6.0283995,200400,5.3356943,200400,7.5853858,334000,5.8779063
234500,5.9169097,5.6508431,201000,5.4094725,201000,7.360836,335000,5.6317716
235200,5.7025542,5.5736842,201600,5.3417811,201600,7.1304903,336000,5.9630208
235900,5.7746205,5.6498423,202200,5.3557258,202200,7.0387878,337000,5.742537
236600,5.7173486,5.717905,202800,5.3865085,202800,7.2727695,338000,5.7082186
237300,6.3501315,5.5622826,203400,5.7188153,203400,7.2279148,339000,5.9092507
238000,6.1006017,5.7637515,204000,5.6522741,204000,6.9276824,340000,5.7896876
238700,5.9471145,5.4980626,204600,5.8342023,204600,6.9822636,341000,5.7690244
239400,5.8741102,5.783627,205200,5.2386098,205200,6.946147,342000,5.942585
240100,5.9113894,5.9364681,205800,5.3107033,205800,7.1264906,343000,5.863399
240800,5.9093685,5.9643426,206400,5.2482715,206400,7.1456614,344000,5.9104543
241500,5.8601108,5.4842062,207000,5.2958183,207000,7.239593,345000,5.796946
242200,5.8697824,5.5832019,207600,5.5764537,207600,7.11902,346000,5.7701006
242900,6.0320268,5.5995131,208200,5.5784507,208200,7.3630385,347000,5.8215709
243600,5.9604692,5.9274845,208800,5.5473113,208800,7.0995808,348000,5.6753263
244300,5.936769,5.6238847,209400,5.5458741,209400,7.3720021,349000,5.8934393
245000,5.8982673,5.719739,210000,5.4983616,210000,7.446825,350000,5.7738214
245700,5.8778782,5.6404238,210600,5.1455097,210600,7.4376631,351000,6.139389
246400,6.1547308,5.7484708,211200,5.8094854,211200,6.9048638,352000,5.8762865
247100,6.0174265,5.6967177,211800,5.5631337,211800,7.2635903,353000,5.7519941
247800,5.8570423,5.5601215,212400,5.5481091,212400,7.1917791,354000,5.6377692
248500,5.9811573,5.7198448,213000,5.7552505,213000,7.4899864,355000,5.7401705
249200,5.9202285,5.6117377,213600,5.697103,213600,7.3251929,356000,5.8836789
249900,6.3066874,5.633513,214200,5.7827349,214200,7.0550542,357000,5.8629432
250600,5.7842531,5.6127653,214800,5.7656341,214800,7.1932716,358000,5.7358012
251300,5.8115206,5.5354309,215400,6.0031199,215400,7.2682934,359000,5.6252871
252000,5.7038631,5.7136569,216000,5.5310411,216000,7.4400806,360000,5.5524173
252700,5.6217337,5.5631871,216600,5.5326142,216600,7.2608504,361000,5.460813
253400,5.8037786,5.6629114,217200,5.5157771,217200,6.8988919,362000,5.4746957
254100,5.7192826,5.5771418,217800,5.7868237,217800,6.9116898,363000,5.5452375
254800,6.1202965,5.6816959,218400,5.7241096,218400,6.9159331,364000,5.6037774
255500,6.0899334,5.7148566,219000,5.5066333,219000,6.7215462,365000,5.4722195
256200,5.809526,5.6155195,219600,5.5138884,219600,7.1352901,366000,5.3931565
256900,5.7687759,5.5168467,220200,5.5305338,220200,6.8936887,367000,5.4802713
257600,5.6982546,5.941679,220800,5.7960644,220800,6.9699874,368000,5.6341186
258300,5.8024554,5.8950133,221400,5.7831507,221400,6.810246,369000,5.8065577
259000,5.7695675,5.8630652,222000,5.7965345,222000,6.9218602,370000,5.7911282
259700,5.7848096,5.7327113,222600,5.8034415,222600,6.8173971,371000,5.3708072
260400,5.7517271,5.8232379,223200,5.7839594,223200,6.812252,372000,5.6706614
261100,5.7732453,5.8328042,223800,5.7873735,223800,6.8683391,373000,5.482687
261800,5.7552514,5.9852557,224400,5.7974229,224400,6.8158379,374000,5.444036
262500,5.8145137,5.7920299,225000,5.8097563,225000,6.2472539,375000,5.2970433
263200,5.8128099,6.0543036,225600,5.6395416,225600,6.1132264,376000,5.6225367
263900,5.792243,6.1385498,226200,5.8542647,226200,6.1711998,377000,5.5608559
264600,5.7954373,6.4022698,226800,5.8013129,226800,6.3628631,378000,5.4719386
265300,5.7896557,6.0180626,227400,5.8021297,227400,6.5432191,379000,4.7956948
266000,5.7720928,6.237525,228000,5.8033056,228000,6.5780344,380000,5.448699
266700,5.7972326,6.1848464,228600,5.7952704,228600,6.2127924,381000,5.299274
267400,5.8012314,6.1819844,229200,5.4985266,229200,6.2320457,382000,5.1893668
268100,5.6925387,6.1633067,229800,5.4959311,229800,6.1644111,383000,5.4276905
268800,5.8396111,6.2005496,230400,5.5143752,230400,6.2189078,384000,5.5277677
269500,5.6923876,5.9845743,231000,5.5381398,231000,6.414444,385000,5.666585
270200,5.796401,6.0114074,231600,5.4955792,231600,6.3892965,386000,5.7188387
270900,5.7093768,5.8388219,232200,5.4992509,232200,6.8043075,387000,5.5673828
271600,6.048512,5.9369879,232800,5.8244305,232800,6.4291086,388000,5.6344571
272300,5.9209061,6.1895661,233400,5.1783476,233400,6.0742178,389000,5.630012
273000,6.0440936,6.3361845,234000,5.1842718,234000,6.6755776,390000,5.4255438
273700,5.8301535,6.0493979,234600,5.8260522,234600,6.6544099,391000,5.5444751
274400,6.1183925,6.032259,235200,5.5152965,235200,6.2996001,392000,5.7593532
275100,6.1750445,5.7430711,235800,5.8023601,235800,6.179934,393000,5.9096794
275800,6.1766324,5.7365274,236400,5.1833315,236400,6.0806499,394000,5.6010995
276500,5.9785004,5.7162728,237000,5.1701627,237000,6.5686069,395000,5.5713768
277200,6.1108389,5.5725069,237600,5.8165574,237600,6.5746984,396000,5.3599381
277900,6.1401005,5.9094362,238200,5.4617791,238200,6.8488178,397000,5.6972885
278600,6.2038136,5.6849756,238800,5.4589581,238800,7.2172017,398000,5.7084022
279300,6.0978613,5.8242717,239400,5.802135,239400,6.8219404,399000,5.7759781
280000,6.1493082,5.8505425,240000,5.7932076,240000,7.1495256,400000,5.6833196
280700,5.7787228,5.7321792,240600,5.8322825,240600,7.1656399,401000,5.6749368
281400,5.8067427,6.0047917,241200,5.8594828,241200,6.6672344,402000,5.8288608
282100,5.8716569,5.7240772,241800,5.8266969,241800,6.7669806,403000,5.5231462
282800,5.7855201,5.6493015,242400,5.7781982,242400,6.9753537,404000,5.5577493
283500,6.1585093,5.858624,243000,5.7898927,243000,6.7680173,405000,5.3473182
284200,6.2032228,5.7871137,243600,5.5787563,243600,6.8757019,406000,5.5035734
284900,6.3201284,5.5941806,244200,5.8067479,244200,6.9714108,407000,5.7288704
285600,6.4816685,5.6993766,244800,5.8220201,244800,7.1222277,408000,5.9481645
286300,6.3788481,5.6807332,245400,5.8045282,245400,7.0689354,409000,6.0118871
287000,6.0320559,5.7218881,246000,5.8563523,246000,6.3400617,410000,5.964819
287700,6.1528873,5.7041502,246600,5.8446836,246600,6.8922968,411000,6.0180635
288400,5.9882722,5.8860569,247200,5.8521481,247200,7.0323911,412000,6.039062
289100,6.444777,5.6263494,247800,5.8750696,247800,6.6547194,413000,5.9191899
289800,6.2072802,5.3433499,248400,5.8220997,248400,6.6722898,414000,5.6687617
290500,6.3009219,5.3042297,249000,5.8469658,249000,6.5499487,415000,5.1893764
291200,6.3898778,5.5324974,249600,5.4186535,249600,6.5755072,416000,5.7546759
291900,6.3973041,5.6544266,250200,5.3549647,250200,6.2770796,417000,5.2278562
292600,6.3815036,5.4413414,250800,5.8162074,250800,6.311202,418000,5.3658485
293300,6.2456255,5.6682529,251400,5.4853864,251400,6.6999483,419000,5.0839496
294000,6.3698249,5.7391753,252000,5.8704591,252000,6.4191065,420000,4.8580651
294700,6.3453331,5.651453,252600,5.4883399,252600,6.5507212,421000,4.9473305
295400,6.2506266,5.5523105,253200,5.3572845,253200,6.5652995,422000,4.9819207
296100,6.282927,5.7180934,253800,5.9037824,253800,6.4673548,423000,5.165544
296800,6.2989001,5.7585073,254400,5.8646183,254400,6.7181792,424000,5.4028702
297500,6.3350616,5.6909213,255000,5.8180976,255000,6.8315401,425000,5.1018434
298200,6.1021862,5.6794128,255600,5.8251619,255600,6.9258413,426000,4.8218269
298900,6.3500609,5.6957369,256200,5.8081703,256200,6.8800893,427000,4.9561954
299600,6.3876123,5.883347,256800,5.82655,256800,6.6025372,428000,5.0725961
300300,6.2625914,5.7857699,257400,5.8299799,257400,6.5829582,429000,4.879056
301000,6.4060497,5.7719336,258000,5.7748766,258000,6.3678274,430000,4.7591357
301700,6.2367702,5.6944318,258600,5.7384181,258600,6.90378,431000,4.7892485
302400,6.4696751,5.4385271,259200,5.528759,259200,6.549716,432000,4.8351274
303100,6.2461972,5.5717835,259800,5.6696334,259800,6.5581484,433000,5.4636269
303800,6.3228641,5.5169134,260400,5.4556189,260400,6.5935717,434000,5.147162
304500,6.3964639,5.5716767,261000,5.4714069,261000,6.7291827,435000,5.4712539
305200,6.3844695,5.8240771,261600,5.4296184,261600,6.6188889,436000,5.516295
305900,6.3340459,5.9196177,262200,5.6171966,262200,6.5632586,437000,5.6533041
306600,6.4682803,5.8345227,262800,5.6159806,262800,6.4963799,438000,5.5861273
307300,6.2166648,5.7900105,263400,5.6187053,263400,6.5166802,439000,5.2514358
308000,6.4359927,5.8037829,264000,5.5518756,264000,6.4905443,440000,5.3104901
308700,6.0297341,5.640748,264600,5.6017828,264600,6.8454828,441000,5.3328481
309400,6.220181,5.5560961,265200,5.4932256,265200,6.6803956,442000,5.2157698
310100,6.4790068,5.6400557,265800,5.6501026,265800,6.4314113,443000,5.2830958
310800,6.3289304,5.5917754,266400,5.6098948,266400,6.4593859,444000,5.0631328
311500,5.8793154,5.9218755,267000,5.6749883,267000,6.1807919,445000,5.051394
312200,5.8467793,5.9010458,267600,5.5252829,267600,6.2787938,446000,5.0782895
312900,5.9856009,5.3175635,268200,5.6898117,268200,6.2770348,447000,4.8289461
313600,6.185267,5.648035,268800,5.6741757,268800,6.0820565,448000,4.9681344
314300,6.1137104,5.6281829,269400,5.7013707,269400,6.0830107,449000,5.261724
315000,6.209415,5.5101767,270000,5.7262993,270000,5.9929276,450000,5.1424613
315700,6.1300173,5.4195919,270600,5.4912825,270600,6.1275678,451000,4.9543781
316400,6.1954207,5.5769219,271200,5.507206,271200,6.7572289,452000,5.1800342
317100,6.021853,5.5915265,271800,5.7470655,271800,6.7499175,453000,5.0319209
317800,5.8901048,5.2893157,272400,5.7121449,272400,6.2158799,454000,4.8819027
318500,6.1892095,5.5559621,273000,5.7260108,273000,6.0399437,455000,4.9021606
319200,6.0104899,5.5845885,273600,5.4689541,273600,6.1607652,456000,4.6587114
319900,5.9177017,5.5703149,274200,5.7686844,274200,6.0441885,457000,5.0702066
320600,5.9776964,5.5372653,274800,5.4689403,274800,6.0987248,458000,5.0721717
321300,6.030714,5.4559174,275400,5.4370837,275400,6.0043445,459000,5.0521908
322000,5.8507719,5.385345,276000,5.4143682,276000,6.0324492,460000,5.2352138
322700,5.9661779,5.5808535,276600,5.3874755,276600,6.3752389,461000,4.7992544
323400,6.0375357,5.4623013,277200,5.4618778,277200,5.9964266,462000,4.9013524
324100,6.2307367,5.3693132,277800,5.5207124,277800,6.2664356,463000,4.8580732
324800,6.1900911,5.6503172,278400,5.5433187,278400,6.2659597,464000,4.9519258
325500,6.1884484,5.6249685,279000,5.8338447,279000,6.2839828,465000,5.4155712
326200,6.2147985,5.5835452,279600,5.8117418,279600,6.3021135,466000,5.3974094
326900,6.146996,5.5096784,280200,5.8238187,280200,6.2126584,467000,5.4699726
327600,5.9649863,5.478055,280800,5.5761604,280800,6.2614164,468000,5.3165355
328300,6.0443201,5.4251599,281400,5.5661597,281400,6.5600023,469000,5.4693584
329000,5.874043,5.4411163,282000,5.6175351,282000,6.1516457,470000,5.5070763
329700,5.8880863,5.4303365,282600,5.8987374,282600,6.4056106,471000,5.7747822
330400,5.8731918,5.3086915,283200,5.8618689,283200,6.2378511,472000,5.3969932
331100,6.0633345,5.3706393,283800,5.8835282,283800,6.1947126,473000,5.8318934
331800,5.9670768,5.4054937,284400,5.7084122,284400,5.6909299,474000,5.8624811
332500,5.6956267,5.7071357,285000,5.7005873,285000,5.7570415,475000,5.5761304
333200,5.8629069,5.3804998,285600,5.7046695,285600,5.9677558,476000,5.71524
333900,5.8565598,5.3559394,286200,5.6640806,286200,5.6683283,477000,6.414073
334600,5.7854333,5.436172,286800,5.6652422,286800,6.0372233,478000,6.0497971
335300,5.8555617,5.332551,287400,5.6174135,287400,5.7588272,479000,6.1888714
336000,5.8619576,5.5120449,288000,5.6287637,288000,5.8571835,480000,6.6820459
336700,6.0442071,5.6802821,288600,5.6468539,288600,5.8898797,481000,5.9918537
337400,5.9159017,5.8426504,289200,5.8256826,289200,5.6614647,482000,6.2909412
338100,5.890677,5.9579711,289800,5.2325382,289800,6.3325648,483000,6.3761997
338800,5.8196139,6.0236568,290400,5.4777412,290400,6.0262437,484000,6.2294011
339500,5.5998211,5.9863615,291000,5.5076246,291000,6.1821017,485000,5.9504857
340200,5.7816272,6.006536,291600,5.5321636,291600,5.9370036,486000,6.3416176
340900,5.9454775,5.996069,292200,5.8347821,292200,6.472846,487000,5.9832878
341600,5.7756252,6.2208877,292800,5.5047431,292800,6.290658,488000,6.3405981
342300,5.6776543,6.0785542,293400,5.4939847,293400,6.2371974,489000,5.9674931
343000,5.8368144,6.0740929,294000,5.2449336,294000,6.0421157,490000,6.1178241
343700,6.026979,6.0917788,294600,5.3365989,294600,5.9356537,491000,6.444756
344400,6.1131344,6.434257,295200,5.3335624,295200,5.9904261,492000,6.3843174
345100,5.9910512,6.3624501,295800,5.3454027,295800,6.0866461,493000,6.2242565
345800,6.0005078,6.3755417,296400,5.4905076,296400,6.2287378,494000,5.3774495
346500,5.9993978,5.7903023,297000,5.5520935,297000,6.4802375,495000,5.5950828
347200,6.045012,5.7797565,297600,5.4216075,297600,6.1251407,496000,5.599102
347900,6.0401535,6.1865263,298200,5.3543515,298200,6.3299088,497000,5.5883751
348600,5.9022837,5.9965577,298800,5.391593,298800,6.1260519,498000,5.5698733
349300,6.1251302,6.259171,299400,5.4323626,299400,6.1191688,499000,5.7738328
350000,6.1867566,5.8065505,300000,5.3418436,300000,6.2928843,500000,5.5712142
350700,6.0401511,5.5979676,300600,5.3763256,300600,6.3195257,501000,5.5972757
351400,6.0275164,5.6420479,301200,5.4742007,301200,6.2897172,502000,5.5073891
352100,6.3548484,5.5897245,301800,5.4628482,301800,6.0669961,503000,5.7197628
352800,6.222033,5.5291042,302400,5.4826717,302400,5.9610457,504000,5.894527
353500,6.1088271,5.8031878,303000,5.2376046,303000,5.9727535,505000,5.7065353
354200,6.2602735,5.5041218,303600,5.3588052,303600,5.9428778,506000,6.1426854
354900,6.0527835,5.9540434,304200,5.5682774,304200,6.4359031,507000,5.8481789
355600,5.8848801,5.9344773,304800,5.4449725,304800,6.3032103,508000,6.1088853
356300,6.1412954,6.0623565,305400,5.9327374,305400,6.2267876,509000,6.1079302
357000,6.0047154,6.0011268,306000,5.9051762,306000,6.6408672,510000,6.260047
357700,6.0792704,6.061954,306600,5.6160722,306600,6.3504262,511000,6.1522179
358400,6.2002745,6.5771427,307200,5.4277673,307200,6.1053052,512000,6.3994045
359100,5.8615532,6.5989399,307800,5.8648162,307800,6.4261584,513000,6.1615672
359800,5.7870092,6.3922725,308400,5.8790097,308400,6.6063876,514000,6.1090436
360500,6.0766048,6.2497072,309000,5.9352627,309000,6.6026649,515000,5.9228139
361200,5.5736194,6.3721104,309600,5.9304419,309600,6.7287569,516000,5.9232535
361900,5.5315728,6.2490807,310200,5.9074893,310200,6.2189898,517000,6.1851015
362600,5.7226076,6.2511549,310800,5.7400341,310800,6.631186,518000,6.1773748
363300,5.9431176,6.1030626,311400,5.4462428,311400,6.7501373,519000,6.0656042
364000,5.8823037,6.4760332,312000,5.4362717,312000,6.7092924,520000,6.1031389
364700,6.0612364,6.5341296,312600,5.6424932,312600,6.5566478,521000,5.9418845
365400,6.0644379,6.4070015,313200,5.5559659,313200,6.7587767,522000,6.3880467
366100,5.9236736,6.2781582,313800,5.5992007,313800,6.4577084,523000,6.3014312
366800,6.0957398,6.2452874,314400,5.5816464,314400,6.6889567,524000,6.2318349
367500,5.895905,6.3881826,315000,5.6275411,315000,6.5779958,525000,6.275044
368200,5.93712,5.605803,315600,5.8797622,315600,6.3734188,526000,6.5456452
368900,5.7590356,5.6676912,316200,5.8791718,316200,6.2324624,527000,6.4276304
369600,5.8443637,5.7074442,316800,5.7513981,316800,6.683825,528000,6.14502
370300,5.8175607,5.6926017,317400,5.6714211,317400,6.9144983,529000,6.0226865
371000,5.8192315,5.5888329,318000,5.6687174,318000,6.8231363,530000,6.472425
371700,5.7880745,5.5373378,318600,5.9400129,318600,6.7333956,531000,6.3229237
372400,5.9114056,5.5265808,319200,5.8901625,319200,6.7807841,532000,6.3961902
373100,5.8649344,5.6647067,319800,5.9300351,319800,6.7054129,533000,6.5745645
373800,5.9096847,5.7572398,320400,5.9366999,320400,6.6902323,534000,6.3178725
374500,5.9519954,6.0863085,321000,5.9282107,321000,6.6623697,535000,5.9852228
375200,5.7644777,5.913249,321600,5.8767862,321600,6.5496216,536000,6.5397396
375900,5.7208753,5.9256816,322200,5.56709,322200,6.6515636,537000,6.541853
376600,5.85111,5.8525662,322800,5.5302773,322800,6.6087689,538000,6.3274965
377300,5.8208904,5.9862494,323400,5.4302297,323400,6.1349521,539000,6.0772333
378000,5.8352909,6.0320301,324000,5.4592633,324000,6.8105006,540000,6.1363807
378700,5.8074927,6.0294571,324600,5.4812937,324600,6.2156949,541000,6.2485538
379400,6.0062509,5.8418856,325200,5.5629325,325200,6.4315286,542000,5.8357396
380100,5.9950142,5.8308363,325800,5.5592833,325800,6.712791,543000,5.9847937
380800,5.8952184,5.8349457,326400,5.4761038,326400,6.48557,544000,6.1195149
381500,5.8535314,5.834681,327000,5.4328871,327000,6.8014374,545000,5.9714055
382200,5.9074712,5.8568068,327600,5.5516815,327600,6.506577,546000,5.8847957
382900,5.8832002,5.9721036,328200,5.8016267,328200,6.8004847,547000,6.0253339
383600,6.1385212,5.9495282,328800,5.5647492,328800,6.5323095,548000,6.0041714
384300,6.0014467,5.8997769,329400,5.803791,329400,6.7254839,549000,6.0604424
385000,6.0362616,5.9402237,330000,5.5570765,330000,6.6261463,550000,5.7247968
385700,6.0530729,5.9358101,330600,5.5051079,330600,6.6002254,551000,5.9072766
386400,5.9648142,5.9928265,331200,5.5283809,331200,6.5594358,552000,6.0574093
387100,6.1903548,5.8827424,331800,5.4960966,331800,6.4466095,553000,5.2590814
387800,6.2130079,6.0379195,332400,5.4809399,332400,6.4599023,554000,5.4487185
388500,6.0857935,6.1146169,333000,5.4700632,333000,6.4788852,555000,5.3424239
389200,6.14856,5.9867282,333600,5.4301748,333600,6.6537943,556000,5.604661
389900,6.0536461,5.9632535,334200,5.4943118,334200,6.5426145,557000,5.1549826
390600,6.09096,5.7305379,334800,5.5371032,334800,6.7368941,558000,5.8513479
391300,6.037765,5.6340127,335400,5.539031,335400,6.308188,559000,5.4383039
392000,6.1061683,5.8935914,336000,5.4692731,336000,6.6504874,560000,5.5482044
392700,6.1528096,5.8839197,336600,5.5224104,336600,6.7694192,561000,5.0897617
393400,6.150847,6.0094309,337200,5.4823375,337200,6.5825133,562000,5.3226957
394100,6.1385183,5.9875507,337800,5.4721875,337800,6.5716276,563000,5.098031
394800,6.176928,5.9527178,338400,5.5234981,338400,6.6030068,564000,4.9944482
395500,6.0083432,5.9227047,339000,5.5855775,339000,6.9953599,565000,5.3172164
396200,6.1730995,5.86941,339600,5.602325,339600,6.6242533,566000,5.5959105
396900,5.8643289,5.759068,340200,5.5965433,340200,6.8325796,567000,5.846952
397600,5.8716602,5.8970752,340800,5.6233187,340800,6.8848338,568000,4.7713795
398300,5.9643836,6.0304775,341400,5.8421021,341400,6.8583546,569000,5.5902123
399000,6.1223679,5.9064212,342000,5.5696049,342000,6.6017528,570000,5.5561318
399700,5.7842622,6.0807972,342600,5.5937715,342600,6.6713057,571000,5.5726252
400400,5.8066845,6.0471773,343200,5.5128808,343200,6.6362033,572000,5.2401752
401100,5.8229871,5.9103942,343800,5.5691767,343800,6.6072125,573000,5.6138244
401800,5.792213,5.8666167,344400,5.5750513,344400,6.2798033,574000,5.4517856
402500,5.9110489,5.9724698,345000,5.5715036,345000,6.6534348,575000,4.8229299
403200,5.9219708,5.9839058,345600,5.6631036,345600,6.5590849,576000,5.307054
403900,6.1608038,5.8901,346200,5.618751,346200,6.3825922,577000,5.2891774
404600,5.7724423,6.0844755,346800,5.614882,346800,6.3080597,578000,5.5310798
405300,5.9223228,6.0214205,347400,5.8139153,347400,6.4455333,579000,5.4093161
406000,6.4883232,5.9619017,348000,5.8411107,348000,6.3737583,580000,5.1809955
406700,6.271101,5.9953842,348600,5.625679,348600,5.9729362,581000,5.5017972
407400,6.4092455,6.0732193,349200,5.6082177,349200,6.3663564,582000,5.5723596
408100,6.1279016,6.0231009,349800,5.6582065,349800,6.1862297,583000,5.4069247
408800,6.0528364,5.967607,350400,5.5779009,350400,6.2851343,584000,5.1948428
409500,6.0928311,5.9909706,351000,5.6041069,351000,6.4002504,585000,5.1552892
410200,6.2765231,5.6552258,351600,5.5900574,351600,6.2596135,586000,5.6159348
410900,6.2547669,5.9517183,352200,5.425971,352200,6.5203924,587000,5.3388796
411600,6.1998115,6.0449476,352800,5.5845914,352800,6.4248734,588000,5.3948674
412300,6.0650611,5.9123321,353400,5.6037264,353400,6.55722,589000,5.3304186
413000,6.1080613,5.9619627,354000,5.5739264,354000,6.4465418,590000,5.3311858
413700,6.0537572,5.8739281,354600,5.5719557,354600,6.5203309,,
414400,6.2530923,5.9337173,355200,5.48491,355200,6.4506669,,
415100,6.0853391,5.9497647,355800,5.4841123,355800,6.2907319,,
415800,5.966136,5.8672452,356400,5.4168282,356400,6.5980296,,
416500,5.8337717,5.9107523,357000,5.4129529,357000,6.1589799,,
417200,5.8487697,6.0934787,357600,5.4412565,357600,6.4037151,,
417900,5.837254,5.9260125,358200,5.3839798,358200,6.4272571,,
418600,6.1456361,5.9487987,358800,5.3582635,358800,6.403554,,
419300,6.1008706,6.1712017,359400,5.4002719,359400,6.599968,,
420000,6.1607447,5.9957762,360000,5.4188824,360000,6.961762,,
420700,6.1196985,5.9913712,360600,5.5380039,360600,6.9385781,,
421400,6.0674171,5.9458356,361200,5.6047926,361200,6.5780182,,
422100,6.0397258,5.7884011,361800,5.559875,361800,6.6228938,,
422800,6.1220779,5.8939347,362400,5.5910254,362400,6.7355275,,
423500,5.9252577,5.8669605,363000,5.5247283,363000,7.2092214,,
424200,5.9272552,5.8905277,363600,5.4663129,363600,7.0927682,,
424900,6.227643,5.9255466,364200,5.5309172,364200,6.4835501,,
425600,6.2813306,5.9083624,364800,5.5979371,364800,6.8363371,,
426300,6.0167685,5.9093289,365400,5.573997,365400,7.4068851,,
427000,6.0493069,6.0120392,366000,5.6173348,366000,6.8865623,,
427700,6.0804248,6.1155214,366600,5.5860395,366600,7.0476947,,
428400,5.9059629,6.1392446,367200,5.8565178,367200,6.8671093,,
429100,5.990263,6.0877838,367800,5.6080198,367800,6.9327474,,
429800,5.7833366,6.1124611,368400,5.4614453,368400,6.7811818,,
430500,5.9786391,5.7063489,369000,5.4211245,369000,6.8396654,,
431200,6.093586,5.8532906,369600,5.5968738,369600,6.8574634,,
431900,5.9867992,5.9169703,370200,5.402101,370200,7.1791444,,
432600,5.8982992,5.8376145,370800,5.5909991,370800,7.3627148,,
433300,5.9589477,5.78754,371400,5.5648212,371400,7.2962437,,
434000,5.9212632,5.8200288,372000,5.5576868,372000,7.1883125,,
434700,6.0399394,5.7947621,372600,5.5464211,372600,7.1188049,,
435400,5.9897108,5.6529036,373200,5.5521798,373200,7.0453801,,
436100,6.237699,5.7982898,373800,5.557508,373800,7.0510731,,
436800,6.0997419,5.8355274,374400,5.6330185,374400,7.3189969,,
437500,6.1495876,5.846734,375000,5.6173568,375000,6.9726143,,
438200,6.1698675,5.8864946,375600,5.8531199,375600,6.9705782,,
438900,6.0784717,5.7384276,376200,5.6081085,376200,6.9972057,,
439600,6.1673532,5.8187361,376800,5.6009483,376800,6.6463609,,
440300,6.0622816,5.7463417,377400,5.6112885,377400,6.5315447,,
441000,5.803761,5.829402,378000,5.5903134,378000,6.9972177,,
441700,6.1366296,6.0206685,378600,5.8467402,378600,6.8855534,,
442400,5.8464427,5.8677711,379200,5.5814505,379200,6.9863682,,
443100,5.8409343,5.9258366,379800,5.5681934,379800,7.0498233,,
443800,5.9900045,5.7580543,380400,5.5859551,380400,7.0268764,,
444500,5.7142749,5.873167,381000,5.6002989,381000,7.3473921,,
445200,5.869328,5.7863922,381600,5.6500263,381600,7.2632375,,
445900,5.8880439,5.7027469,382200,5.6154246,382200,7.4010348,,
446600,5.8581448,5.691896,382800,5.6248732,382800,7.2031837,,
447300,6.1243954,5.9138536,383400,5.6307592,383400,6.9776149,,
448000,5.6280751,5.7780733,384000,5.8778734,384000,7.3066392,,
448700,5.6068058,5.7405114,384600,5.1654601,384600,7.0959296,,
449400,6.0591836,5.7463737,385200,5.6837802,385200,7.3130732,,
450100,5.7150035,5.6990008,385800,5.6901283,385800,7.1219573,,
450800,6.0311255,5.8239598,386400,5.4942818,386400,7.3050051,,
451500,6.0234437,5.7720642,387000,5.6763635,387000,7.3864646,,
452200,5.9530883,5.6923923,387600,5.6065569,387600,6.6656237,,
452900,5.9841805,5.6855216,388200,5.5662718,388200,6.7507672,,
453600,5.8847761,5.8607292,388800,5.5740771,388800,7.3447933,,
454300,5.8522758,5.7547135,389400,5.5941949,389400,7.0104933,,
455000,5.8621044,5.8005075,390000,5.88767,390000,6.8552938,,
455700,6.0425935,5.8345389,390600,5.6237235,390600,7.0466003,,
456400,5.8229651,5.6893663,391200,5.6089787,391200,6.9865513,,
457100,5.8465371,5.8028479,391800,5.6060777,391800,7.0395255,,
457800,5.794611,5.8127933,392400,5.6298771,392400,6.9620371,,
458500,5.8032436,5.806139,393000,5.5832491,393000,6.8297267,,
459200,5.8225718,5.8159795,393600,5.7202263,393600,7.0853257,,
459900,5.5929103,5.7077312,394200,5.8295302,394200,6.7352748,,
460600,5.6213226,5.8915229,394800,5.867219,394800,6.7322221,,
461300,5.6225958,5.8019996,395400,5.9425302,395400,6.5503078,,
462000,5.6744137,5.8717542,396000,5.8940797,396000,6.8294206,,
462700,5.7915459,5.8431244,396600,5.6651912,396600,6.3931208,,
463400,5.5608506,5.8678184,397200,5.8600388,397200,6.9803462,,
464100,5.5512047,5.8481398,397800,5.8952594,397800,6.5244594,,
464800,5.532465,5.8113585,398400,5.6925998,398400,6.6469278,,
465500,5.6984019,5.824739,399000,5.8629794,399000,6.5669284,,
466200,5.5894532,5.598537,399600,5.8901343,399600,6.6809669,,
466900,5.3511481,5.8731546,400200,5.8633428,400200,6.7043481,,
467600,5.4069433,5.7610216,400800,5.7979817,400800,7.2334023,,
468300,5.3484778,5.7629156,401400,5.9003806,401400,7.1053181,,
469000,5.4124141,5.6917763,402000,5.9270129,402000,6.9496703,,
469700,5.3550949,5.6956658,402600,5.8574853,402600,6.7521558,,
470400,5.2935681,5.6538315,403200,5.6107421,403200,7.0024743,,
471100,5.3722529,5.5437536,403800,5.8742967,403800,6.7856903,,
471800,5.585669,5.7382646,404400,5.8971252,404400,6.8656168,,
472500,5.4437795,5.8361583,405000,5.6580553,405000,6.6885967,,
473200,5.3806882,5.7545772,405600,5.6222315,405600,7.3424044,,
473900,5.4225602,5.9295793,406200,5.649899,406200,7.2908497,,
474600,5.5298028,5.9539905,406800,5.6281843,406800,7.0053234,,
475300,5.3926463,5.9067082,407400,5.8391876,407400,7.1159539,,
476000,5.3820276,5.8453398,408000,5.6424751,408000,6.7391095,,
476700,5.3909369,5.7623959,408600,5.5820022,408600,6.6612954,,
477400,5.5035357,5.7477145,409200,5.5908957,409200,6.8416595,,
478100,5.3502584,5.837976,409800,5.6020832,409800,7.0107026,,
478800,5.3799653,5.7618856,410400,5.5954976,410400,7.1388569,,
479500,5.3734684,5.8881969,411000,5.8618789,411000,7.0331135,,
480200,5.3280425,5.7373748,411600,5.6115813,411600,6.7619367,,
480900,5.5073986,5.939621,412200,5.6337457,412200,7.1550241,,
481600,5.4427109,5.7194719,412800,5.630115,412800,6.7981997,,
482300,5.5279326,5.6441193,413400,5.5788927,413400,7.2526817,,
483000,5.5137577,5.7545052,414000,5.6393933,414000,6.9843202,,
483700,5.424437,5.7225008,414600,5.5641885,414600,7.0891929,,
484400,5.5145884,5.9107594,415200,5.5712452,415200,7.1949811,,
485100,5.5644412,5.7929807,415800,5.5870218,415800,7.052032,,
485800,5.5418186,5.7164683,416400,5.5755787,416400,7.0005245,,
486500,5.4057956,5.7228761,417000,5.5865321,417000,6.9708233,,
487200,5.4971752,5.7000351,417600,5.5541196,417600,6.8563485,,
487900,5.5768809,5.7656851,418200,5.577229,418200,6.9535127,,
488600,5.5402656,5.7536564,418800,5.5863972,418800,6.761281,,
489300,5.6610436,5.7718711,419400,5.532443,419400,6.6417103,,
490000,5.5989475,5.8036489,420000,5.6405997,420000,6.6551738,,
490700,5.6074834,5.8334556,420600,5.6105828,420600,6.449656,,
491400,5.6828194,5.7429924,421200,5.6308494,421200,6.8424401,,
492100,5.7084136,5.7323694,421800,5.5648031,421800,6.8386822,,
492800,5.6245608,5.8229089,422400,5.7434139,422400,6.8059115,,
493500,5.6339235,5.6415501,423000,5.5818052,423000,6.7395396,,
494200,5.6325626,5.8100123,423600,5.585165,423600,6.7965865,,
494900,5.6282582,5.8526077,424200,5.6327057,424200,6.6260166,,
495600,5.6168828,5.8529015,424800,5.6574907,424800,6.7416387,,
496300,5.6532683,6.0026174,425400,5.8783197,425400,6.4658513,,
497000,5.8797312,5.9272728,426000,5.6059232,426000,6.4994116,,
497700,5.9476132,5.9869199,426600,5.6077394,426600,6.5087471,,
498400,5.6606808,6.1157928,427200,5.6311407,427200,6.4045987,,
499100,5.8317423,6.1577511,427800,5.6338682,427800,6.3756781,,
499800,5.8266339,6.0860095,428400,5.6629782,428400,6.855763,,
500500,5.5908847,6.1817451,429000,5.6978965,429000,6.6128802,,
501200,5.4350405,6.1915722,429600,5.6441393,429600,6.5358424,,
501900,5.5704989,6.0750403,430200,5.6629167,430200,6.4733214,,
502600,5.7343836,5.7123117,430800,5.5941839,430800,6.6157012,,
503300,5.7527928,6.2025266,431400,5.6783891,431400,6.4710841,,
504000,5.7756696,6.1733351,432000,5.6650062,432000,6.8209567,,
504700,5.8201122,6.1586852,432600,5.7186856,432600,6.8826299,,
505400,5.7758427,6.304184,433200,5.7226081,433200,7.2262516,,
506100,5.6653028,6.3691959,433800,5.691184,433800,7.3105955,,
506800,5.7216048,6.2626576,434400,5.6414557,434400,7.1568589,,
507500,5.6728573,6.3350368,435000,5.6853766,435000,7.2357612,,
508200,5.6543355,6.2550731,435600,5.6983685,435600,7.1847835,,
508900,5.7320743,6.2481704,436200,5.6950889,436200,7.0883083,,
509600,5.6840405,6.3142233,436800,5.7339721,436800,7.0901718,,
510300,5.7656374,6.1882467,437400,5.7285204,437400,7.0992332,,
511000,5.7736564,6.3794665,438000,5.7099414,438000,7.2689786,,
511700,5.7436609,6.3406291,438600,5.7243328,438600,7.1483364,,
512400,5.7335076,6.5383716,439200,5.6847086,439200,7.0388675,,
513100,5.6428828,6.244885,439800,5.6769361,439800,7.0361319,,
513800,5.62503,6.3906488,440400,5.6334801,440400,6.9396935,,
514500,5.7829061,6.5191145,441000,5.6656966,441000,6.8696036,,
515200,5.6309266,6.6323948,441600,5.7006207,441600,6.7134857,,
515900,5.6170807,6.5493202,442200,5.5796189,442200,6.6917424,,
516600,5.5941753,6.5230885,442800,5.8788319,442800,6.7962418,,
517300,5.607605,6.3874135,443400,5.7929921,443400,6.6237531,,
518000,5.6178579,6.479548,444000,5.7867813,444000,6.5856266,,
518700,5.6116786,6.4085631,444600,5.7852988,444600,6.7174621,,
519400,5.569603,6.3048954,445200,5.5804038,445200,6.6326108,,
520100,5.6255193,6.2863741,445800,5.6581564,445800,6.9454436,,
520800,5.6411834,6.3935561,446400,5.6163859,446400,6.9135623,,
521500,5.7957001,6.3382969,447000,5.6788931,447000,6.8633327,,
522200,5.7197509,6.3543687,447600,5.7781129,447600,6.8883896,,
522900,5.5285144,6.318789,448200,5.807838,448200,6.9076962,,
523600,5.6315269,6.4199572,448800,5.703208,448800,6.9207053,,
524300,5.6315961,6.4358459,449400,5.6880465,449400,6.9858866,,
525000,5.7066822,6.4408627,450000,5.6761346,450000,6.9636579,,
525700,5.6840668,6.3564706,450600,5.6930428,450600,6.8469567,,
526400,5.6692896,6.3967204,451200,5.7858238,451200,7.3715754,,
527100,5.5729637,6.4194431,451800,5.7841787,451800,6.9887161,,
527800,5.4795713,6.3944697,452400,5.7748785,452400,7.1521063,,
528500,5.5654831,6.2893906,453000,5.7142816,453000,7.0206299,,
529200,5.5360637,6.390521,453600,5.7093468,453600,7.4571099,,
529900,5.5312738,6.307106,454200,5.6925139,454200,7.2761312,,
530600,5.5715504,6.0544643,454800,5.7638936,454800,6.975461,,
531300,5.5767851,6.0698266,455400,5.7701478,455400,7.2662024,,
532000,5.4810867,5.9331188,456000,5.791924,456000,7.3167567,,
532700,5.5598292,6.0537987,456600,5.587913,456600,7.3667727,,
533400,5.6467199,6.1275482,457200,5.7326355,457200,7.2475882,,
534100,5.5505862,6.3010955,457800,5.1571374,457800,7.1458197,,
534800,5.6462269,6.3136764,458400,5.368999,458400,7.2896857,,
535500,5.6921058,6.2900333,459000,5.1524487,459000,7.1933212,,
536200,5.6832838,6.320714,459600,5.2928271,459600,7.3193822,,
536900,5.6641669,6.0808573,460200,5.5031295,460200,7.2851772,,
537600,5.6421785,6.3045306,460800,5.4025159,460800,7.2202988,,
538300,5.4038696,6.4285426,461400,5.2969909,461400,7.1225667,,
539000,5.7070146,6.0929322,462000,5.295567,462000,7.3401246,,
539700,5.6402001,5.9935126,462600,5.1729536,462600,7.0456939,,
540400,5.6485548,5.9891944,463200,5.3018284,463200,6.8349767,,
541100,5.4198055,5.9141159,463800,5.3030128,463800,6.8910284,,
541800,5.7778707,5.9970474,464400,5.2987156,464400,6.860826,,
542500,5.5972528,5.748868,465000,5.2909298,465000,6.9537201,,
543200,5.5769134,6.0758624,465600,5.1583748,465600,6.4674067,,
543900,5.5695109,5.8431764,466200,5.2907805,466200,6.8639803,,
544600,5.5216165,6.0837369,466800,5.4960804,466800,6.6585908,,
545300,5.4641581,5.8725567,467400,5.4773397,467400,6.4803963,,
546000,5.632319,5.9120502,468000,5.4871588,468000,6.9046235,,
546700,5.7705946,5.9065371,468600,5.3958716,468600,6.8845778,,
547400,5.7880969,5.9661736,469200,5.4667826,469200,6.7612867,,
548100,5.5653911,5.8131366,469800,5.2959824,469800,7.0847068,,
548800,5.5954323,6.0413246,470400,5.4636674,470400,6.9530649,,
549500,5.5851321,5.9376087,471000,5.1416469,471000,6.5684948,,
550200,5.3835745,5.8398504,471600,5.2718983,471600,6.6031971,,
550900,5.5765514,6.0230432,472200,5.4159646,472200,6.5166202,,
551600,5.550384,6.1563134,472800,5.4432435,472800,6.6459155,,
552300,5.5370479,6.1712942,473400,5.4184785,473400,6.4091721,,
553000,5.5305362,6.0976896,474000,5.4007196,474000,6.4147921,,
553700,5.4884863,6.0847297,474600,5.4852653,474600,6.3573213,,
554400,5.5133247,6.053133,475200,5.1369705,475200,6.3671775,,
555100,5.5273046,6.1272254,475800,5.168375,475800,6.2549081,,
555800,5.4868383,6.1307998,476400,5.1455202,476400,6.2416596,,
556500,5.7097101,6.1099515,477000,5.1520543,477000,6.3192453,,
557200,5.7063518,6.1284184,477600,5.1714926,477600,6.4833035,,
557900,5.7274861,6.1612082,478200,5.1771603,478200,6.5732713,,
558600,5.687614,6.0602775,478800,5.1647692,478800,6.8834023,,
559300,5.5515928,5.8226542,479400,5.1640496,479400,6.9504871,,
560000,5.676899,5.8663321,480000,5.1781964,480000,7.0535331,,
560700,5.6905441,6.0296574,480600,5.3011007,480600,7.0640669,,
561400,5.8384151,6.1059098,481200,5.29073,481200,6.8133025,,
562100,5.7409272,5.8775806,481800,5.2724366,481800,6.6706429,,
562800,5.787818,6.1110592,482400,5.2876806,482400,6.7262783,,
563500,6.1408844,6.1770148,483000,5.2774987,483000,6.9019952,,
564200,5.75419,6.4060183,483600,5.3392949,483600,6.8985476,,
564900,5.8980837,6.4067411,484200,5.2553906,484200,7.4010167,,
565600,6.0059905,6.3195357,484800,5.2898197,484800,6.6231399,,
566300,5.6725144,6.0725007,485400,5.2591219,485400,6.599236,,
567000,5.7341909,6.2400885,486000,5.1750512,486000,6.998673,,
567700,5.657167,6.2933416,486600,5.1570773,486600,6.8641067,,
568400,5.6433821,6.0812335,487200,5.2757759,487200,7.0300841,,
569100,5.5205474,6.5279489,487800,5.2731857,487800,6.7220373,,
569800,5.5392795,6.1753888,488400,5.2374473,488400,7.1063633,,
570500,5.709342,6.3292484,489000,5.2453022,489000,6.873476,,
571200,5.692688,6.342392,489600,5.274684,489600,6.9269161,,
571900,5.663815,6.6423612,490200,5.2748809,490200,7.092895,,
572600,5.7445631,6.3693819,490800,5.2809277,490800,7.1230316,,
573300,5.8628807,6.2780943,491400,5.1518011,491400,7.1025848,,
574000,5.7666364,6.2046409,492000,5.1416516,492000,6.8444805,,
574700,5.6864505,6.1818218,492600,5.1393156,492600,6.9858923,,
575400,5.8862967,5.9615064,493200,5.4340711,493200,7.0785904,,
576100,5.8741255,6.2668557,493800,5.5604572,493800,7.3141074,,
576800,5.8730936,6.2389317,494400,5.431592,494400,7.3577704,,
577500,5.8161683,6.4918919,495000,5.1285777,495000,6.8893719,,
578200,5.5371289,6.4613705,495600,5.1295786,495600,6.9812455,,
578900,5.2959371,6.6629601,496200,5.2657256,496200,7.2610435,,
579600,5.4860811,6.373704,496800,5.6236796,496800,7.0896807,,
580300,5.6207657,6.5004253,497400,5.3152862,497400,6.4919982,,
581000,5.864862,6.5257344,498000,5.3089652,498000,6.6493373,,
581700,5.6726413,6.3007908,498600,5.2986426,498600,6.5823464,,
582400,5.9598999,6.3332453,499200,5.4229426,499200,6.7865753,,
583100,5.8564219,6.3998046,499800,5.4264903,499800,6.6003485,,
583800,5.6577115,6.4625115,500400,5.1485729,500400,6.8588309,,
584500,5.5513129,6.1689191,501000,5.308023,501000,6.9625974,,
585200,5.5810876,6.0249615,501600,5.6302853,501600,6.9531503,,
585900,5.8421497,6.335803,502200,5.7824097,502200,7.0787787,,
586600,5.7006412,5.9842715,502800,5.2742271,502800,6.7467628,,
587300,5.7794061,6.4433584,503400,5.2848611,503400,7.0873504,,
588000,5.2149158,6.2611737,504000,5.2988982,504000,7.444469,,
588700,5.2237234,6.4005075,504600,5.2951446,504600,6.882791,,
589400,5.6149888,5.7220736,505200,5.1382084,505200,7.0183253,,
590100,5.6725645,6.1436648,505800,5.544219,505800,6.8254867,,
590800,5.7064853,6.2626858,506400,5.1420999,506400,7.1978073,,
591500,5.6501884,6.2293482,507000,5.1593771,507000,6.9642167,,
592200,5.543695,6.0708694,507600,5.4657836,507600,7.0661521,,
592900,5.6539831,6.4112391,508200,5.1667647,508200,6.8832755,,
593600,5.8906879,6.1142015,508800,5.5517464,508800,6.8254676,,
594300,5.6425571,6.2669773,509400,5.1310401,509400,6.8157344,,
595000,5.3555784,6.1413097,510000,5.4054904,510000,6.998311,,
595700,5.2736034,5.614367,510600,5.5606837,510600,7.1326199,,
596400,5.9905334,5.6717911,511200,5.8051004,511200,6.871428,,
597100,5.933403,5.7607822,511800,5.2536368,511800,7.067297,,
597800,5.9104123,5.9710083,512400,5.2699041,512400,6.9353342,,
598500,5.6215496,6.202383,513000,5.1513357,513000,7.1234794,,
599200,5.2312889,6.1556926,513600,5.2596059,513600,6.8361645,,
599900,5.9433374,6.2289667,514200,5.286252,514200,7.1867456,,
600600,5.9239674,5.9514804,514800,5.2929406,514800,6.982636,,
601300,5.9762006,6.1134777,515400,5.2966266,515400,7.0789061,,
602000,5.6616521,6.2588372,516000,5.2663922,516000,6.9054365,,
602700,5.8251748,5.8478913,516600,5.2839985,516600,7.1972151,,
603400,5.6313186,5.6907511,517200,5.2940722,517200,6.8863082,,
604100,5.9552398,5.4255376,517800,5.2669473,517800,6.7864809,,
604800,5.8426614,5.5405722,518400,5.2515941,518400,6.8358173,,
605500,5.9874911,5.3367276,519000,5.1299233,519000,7.2460895,,
606200,5.3198051,5.2809849,519600,5.2535934,519600,7.3142676,,
606900,5.3952069,5.5962963,520200,5.2556367,520200,6.942523,,
607600,5.3913136,5.5417719,520800,5.0785141,520800,6.9431648,,
608300,5.5753679,5.5064964,521400,5.2362208,521400,7.0939622,,
609000,5.6081958,5.9174976,522000,5.2636666,522000,6.8306193,,
609700,5.5233831,5.618134,522600,5.1237488,522600,6.8785734,,
610400,5.81603,5.5860505,523200,5.1106715,523200,6.1352253,,
611100,5.6353765,5.7271662,523800,5.2432451,523800,6.8634887,,
611800,5.3288212,5.6351295,524400,5.7772245,524400,6.2839527,,
612500,5.4345503,5.4554439,525000,5.7224669,525000,6.0655446,,
613200,5.4463763,5.6510291,525600,5.7654529,525600,6.2754898,,
613900,5.4500141,5.7334218,526200,5.756341,526200,6.2095237,,
614600,5.2970757,5.5223732,526800,5.7616343,526800,6.2249169,,
615300,5.6504416,6.067276,527400,5.6917043,527400,6.2376432,,
616000,5.7407551,5.4819188,528000,5.7796149,528000,6.321218,,
616700,5.6809673,5.5425839,528600,5.8449149,528600,6.2679086,,
617400,5.8951535,5.6849413,529200,5.7975488,529200,6.024498,,
618100,5.8480725,5.5139475,529800,5.7533531,529800,6.2622957,,
618800,5.6613541,5.432416,530400,5.7963972,530400,6.0266037,,
619500,5.602736,5.5042005,531000,5.8222952,531000,6.4613748,,
620200,5.6794758,5.7482319,531600,5.7761378,531600,6.5659213,,
620900,5.6721516,5.3347173,532200,5.7252979,532200,6.3487334,,
621600,5.5799155,5.7372198,532800,5.7936287,532800,6.3207788,,
622300,5.6179247,5.7093396,533400,5.7740512,533400,6.251852,,
623000,5.5865192,5.7035789,534000,5.798461,534000,6.1573672,,
623700,5.5806613,6.1988893,534600,5.7364068,534600,6.2505479,,
624400,5.5350571,5.8254628,535200,5.7903709,535200,6.1091123,,
625100,5.7262597,6.1211896,535800,5.7096891,535800,6.1606355,,
625800,5.4095125,6.0101619,536400,5.7765684,536400,6.1313834,,
626500,5.4876242,6.038094,537000,5.7918596,537000,6.3775883,,
627200,5.455215,6.0434289,537600,5.8073916,537600,6.4168582,,
627900,5.351315,6.0084305,538200,5.7766175,538200,6.5114841,,
628600,5.4450316,5.8931928,538800,5.4426026,538800,6.6859598,,
629300,5.7241216,5.8582206,539400,5.7960515,539400,6.7924786,,
630000,5.5666599,5.857214,540000,5.1423459,540000,6.7221446,,
630700,5.6492863,6.1131244,540600,5.44701,540600,6.5825863,,
631400,5.7885299,6.1046281,541200,5.7740335,541200,6.7671924,,
632100,5.5118685,6.2665033,541800,5.7611108,541800,6.6691432,,
632800,5.5089884,5.5592456,542400,5.2589955,542400,6.7621713,,
633500,5.6266627,5.7084565,543000,5.7400532,543000,7.0224833,,
634200,5.5915871,5.9183989,543600,5.2426381,543600,7.3116455,,
634900,5.4959159,6.1463709,544200,5.2488904,544200,6.4775887,,
635600,5.4623141,5.8159204,544800,5.7169127,544800,6.7737293,,
636300,5.4800158,5.7288671,545400,5.2696185,545400,6.9133134,,
637000,5.5975027,6.0408578,546000,5.7751575,546000,7.0243487,,
637700,5.7037935,5.8077884,546600,5.7436786,546600,6.8067484,,
638400,5.6607766,5.9294114,547200,5.8013272,547200,6.3686376,,
639100,5.4222512,6.5069675,547800,5.8093944,547800,6.4567404,,
639800,5.9105744,6.3342371,548400,5.7800937,548400,6.6846409,,
640500,5.8755355,6.1847115,549000,5.7998757,549000,7.1573329,,
641200,5.7061334,5.9728508,549600,5.7319593,549600,6.523839,,
641900,5.6603823,6.0738506,550200,5.7294812,550200,6.9944887,,
642600,5.7378993,5.9786282,550800,5.7516708,550800,7.1632638,,
643300,5.7275071,5.513586,551400,5.7600379,551400,6.739151,,
644000,5.3855715,5.8172741,552000,5.6189299,552000,6.6402683,,
644700,5.7747593,5.7895546,552600,5.7469239,552600,6.6282229,,
645400,5.4100814,5.8163915,553200,5.7990537,553200,6.6271138,,
646100,5.4044094,5.8802185,553800,5.7613611,553800,6.7320843,,
646800,5.4544134,5.5647731,554400,5.7758899,554400,6.4424329,,
647500,5.4790845,5.8440809,555000,5.7509694,555000,6.5257545,,
648200,5.5959845,5.7123742,555600,5.7729712,555600,6.78899,,
648900,5.4548883,5.8347964,556200,5.7380533,556200,6.6997032,,
649600,5.5131712,5.8825336,556800,5.7968416,556800,6.6372838,,
650300,5.4609852,5.9394231,557400,5.7989759,557400,7.0327468,,
651000,5.4627409,5.9744377,558000,5.781621,558000,6.8359361,,
651700,5.4480801,5.9384193,558600,5.7174726,558600,6.6889133,,
652400,5.4200339,5.9326096,559200,5.7338562,559200,6.8242326,,
653100,5.3894358,5.7092519,559800,5.6803074,559800,6.906806,,
653800,5.3728538,5.6281357,560400,5.6896796,560400,6.9147806,,
654500,5.4159689,5.7417665,561000,5.3061624,561000,6.7597585,,
655200,5.3930235,5.7530293,561600,5.2459607,561600,6.8821125,,
655900,5.3417587,5.5547781,562200,5.2899532,562200,6.5745912,,
656600,5.5451374,5.6837711,562800,5.2846007,562800,6.7387934,,
657300,5.3412519,5.7378979,563400,5.307827,563400,6.8797584,,
658000,5.546689,5.5979366,564000,5.3078876,564000,6.7699575,,
658700,5.4036455,5.6830564,564600,5.2561393,564600,6.5939345,,
659400,5.5016851,5.7390599,565200,5.2946177,565200,6.4155846,,
660100,5.5388074,5.8359222,565800,5.761549,565800,6.6165624,,
660800,5.5551581,5.7736998,566400,5.7822871,566400,6.3908505,,
661500,5.476562,5.8155236,567000,5.2582531,567000,6.2628841,,
662200,5.5820084,5.881494,567600,5.2548103,567600,6.2713871,,
662900,5.5450974,5.9050188,568200,5.695673,568200,6.4622774,,
663600,5.5133843,5.9788833,568800,5.6985908,568800,6.6259098,,
664300,5.5410891,5.9431348,569400,5.4502954,569400,6.830348,,
665000,5.5026627,6.2680264,570000,5.6420279,570000,6.4683356,,
665700,5.5806341,5.9898934,570600,5.5428767,570600,6.7863302,,
666400,5.5299048,6.1956229,571200,5.2564282,571200,6.1848412,,
667100,5.692873,6.2852511,571800,5.5585361,571800,6.0043945,,
667800,5.6807904,6.434598,572400,5.575038,572400,6.2036104,,
668500,5.7763786,6.6275725,573000,5.2842493,573000,6.0297647,,
669200,5.7293563,6.2521124,573600,5.7411184,573600,6.1299777,,
669900,5.6604037,6.4689436,574200,5.7331147,574200,6.1040411,,
670600,5.5400605,6.5865493,574800,5.7054272,574800,6.7819939,,
671300,5.61725,6.7201748,575400,5.298759,,,,
672000,5.6735015,6.5238352,576000,5.7351584,,,,
672700,5.7966943,6.4789038,576600,5.7089291,,,,
673400,5.6973066,6.2260823,577200,5.7109513,,,,
674100,5.5491958,6.1590042,577800,5.7069812,,,,
674800,5.5873346,6.1750207,578400,5.715826,,,,
675500,5.5912271,5.7677813,579000,5.3457894,,,,
676200,5.734345,5.9698133,579600,5.6957054,,,,
676900,5.5621014,5.8186822,580200,5.7020841,,,,
677600,5.6679821,5.9385071,580800,5.4310169,,,,
678300,5.6611972,6.0544825,581400,5.3118944,,,,
679000,5.5494041,5.9897518,582000,5.4754486,,,,
679700,5.6064057,5.9856949,582600,5.6702962,,,,
680400,5.5875607,6.2520847,583200,5.2561502,,,,
681100,5.67061,5.8654366,583800,5.4779077,,,,
681800,5.6440201,6.0118175,584400,5.4538527,,,,
682500,5.5966711,5.6610918,585000,5.2567997,,,,
683200,5.5135422,5.7477283,585600,5.2847376,,,,
683900,5.5629044,5.7861552,586200,5.3363872,,,,
684600,5.5770407,5.8287134,586800,5.2589984,,,,
685300,5.644701,5.7230611,587400,5.2725811,,,,
686000,5.6564484,5.7829995,588000,5.4458475,,,,
686700,5.6986885,6.0402217,588600,5.4727359,,,,
687400,5.7040658,5.8602881,589200,5.4391594,,,,
688100,5.7012587,5.780365,589800,5.3117914,,,,
688800,5.6915913,5.818378,590400,5.393352,,,,
689500,5.6877751,5.6881776,591000,5.3285608,,,,
690200,5.9026098,5.6822801,591600,5.5962486,,,,
690900,5.6948228,5.7720995,592200,5.6003094,,,,
691600,5.8897738,5.7094378,592800,5.5851889,,,,
692300,5.7634869,5.5511823,593400,5.5356255,,,,
693000,5.8289213,5.5408988,594000,5.3681679,,,,
693700,6.0249543,5.8725548,594600,5.6961069,,,,
694400,5.8251891,5.6489625,595200,5.6223307,,,,
695100,5.7578015,5.7618546,595800,5.3942099,,,,
695800,5.8782611,5.6712909,596400,5.4638305,,,,
696500,5.5889025,5.9039845,597000,5.5892653,,,,
697200,5.6095662,5.6867695,597600,5.6054969,,,,
697900,5.8116512,5.8517218,598200,5.2690134,,,,
698600,5.6167665,5.8945866,598800,5.3858194,,,,
699300,5.7867503,5.7752814,599400,5.3958116,,,,
700000,5.6680255,5.8813062,600000,5.2670307,,,,
,,,600600,5.5316906,,,,
,,,601200,5.3323345,,,,
,,,601800,5.3075671,,,,
,,,602400,5.6408696,,,,
,,,603000,5.5997515,,,,
,,,603600,5.6039929,,,,
,,,604200,5.6496458,,,,
,,,604800,5.6111507,,,,
,,,605400,5.6792474,,,,
,,,606000,5.3609014,,,,
,,,606600,5.6510782,,,,
,,,607200,5.6128221,,,,
,,,607800,5.6797004,,,,
,,,608400,5.5392265,,,,
,,,609000,5.6427383,,,,
,,,609600,5.3043699,,,,
,,,610200,5.7129321,,,,
,,,610800,5.7170563,,,,
,,,611400,5.5908852,,,,
,,,612000,5.5095019,,,,
,,,612600,5.4739122,,,,
,,,613200,5.6308174,,,,
,,,613800,5.2026534,,,,
,,,614400,5.4981575,,,,
,,,615000,5.4440746,,,,
,,,615600,5.4530621,,,,
,,,616200,5.4394445,,,,
,,,616800,5.4537807,,,,
,,,617400,5.4506073,,,,
,,,618000,5.4992108,,,,
,,,618600,5.4686527,,,,
,,,619200,5.5301089,,,,
,,,619800,5.6545973,,,,
,,,620400,5.6949139,,,,
,,,621000,5.5199914,,,,
,,,621600,5.5262132,,,,
,,,622200,5.6898599,,,,
,,,622800,5.6029286,,,,
,,,623400,5.4352641,,,,
,,,624000,5.5387888,,,,
,,,624600,5.5220132,,,,
,,,625200,5.5999303,,,,
,,,625800,5.5994654,,,,
,,,626400,5.6028147,,,,
,,,627000,5.8026452,,,,
,,,627600,5.5697417,,,,
,,,628200,5.6283016,,,,
,,,628800,5.5636282,,,,
,,,629400,5.3943524,,,,
,,,630000,5.5182972,,,,
,,,630600,5.5224109,,,,
,,,631200,5.6486225,,,,
,,,631800,5.6481853,,,,
,,,632400,5.4972038,,,,
,,,633000,5.6673951,,,,
,,,633600,5.6257257,,,,
,,,634200,5.6308346,,,,
,,,634800,5.5039315,,,,
,,,635400,5.4852333,,,,
,,,636000,5.4390793,,,,
,,,636600,5.4478164,,,,
,,,637200,5.5092402,,,,
,,,637800,5.689055,,,,
,,,638400,5.6901851,,,,
,,,639000,5.4857597,,,,
,,,639600,5.6988215,,,,
,,,640200,5.6881948,,,,
,,,640800,5.2632613,,,,
,,,641400,5.671237,,,,
,,,642000,5.6787782,,,,
,,,642600,5.252634,,,,
,,,643200,5.2007508,,,,
,,,643800,5.3859916,,,,
,,,644400,5.3775363,,,,
,,,645000,5.2165818,,,,
,,,645600,5.2573361,,,,
,,,646200,5.2567167,,,,
,,,646800,5.2351089,,,,
,,,647400,5.2875876,,,,
,,,648000,5.2746634,,,,
,,,648600,5.3237734,,,,
,,,649200,5.6327605,,,,
,,,649800,5.5224319,,,,
,,,650400,5.6022515,,,,
,,,651000,5.6001983,,,,
,,,651600,5.3007712,,,,
,,,652200,5.6424155,,,,
,,,652800,5.6705966,,,,
,,,653400,5.2989464,,,,
,,,654000,5.6829824,,,,
,,,654600,5.7128687,,,,
,,,655200,5.7303839,,,,
,,,655800,5.7171197,,,,
,,,656400,5.7275605,,,,
,,,657000,5.636879,,,,
,,,657600,5.655479,,,,
,,,658200,5.709764,,,,
,,,658800,5.6879144,,,,
,,,659400,5.7029457,,,,
,,,660000,5.6894593,,,,
,,,660600,5.728076,,,,
,,,661200,5.4742646,,,,
,,,661800,5.2862873,,,,
,,,662400,5.6968188,,,,
,,,663000,5.3078814,,,,
,,,663600,5.6666555,,,,
,,,664200,5.2896452,,,,
,,,664800,5.2785196,,,,
,,,665400,5.3734469,,,,
,,,666000,5.308723,,,,
,,,666600,5.2885823,,,,
,,,667200,5.1846323,,,,
,,,667800,5.3313041,,,,
,,,668400,5.4647937,,,,
,,,669000,5.4577975,,,,
,,,669600,5.1560912,,,,
,,,670200,5.3748059,,,,
,,,670800,5.324894,,,,
,,,671400,5.2925501,,,,
,,,672000,5.3413019,,,,
,,,672600,5.1675382,,,,
,,,673200,5.297133,,,,
,,,673800,5.402637,,,,
,,,674400,5.3258009,,,,
,,,675000,5.3622084,,,,
,,,675600,5.7063713,,,,
,,,676200,5.3295584,,,,
,,,676800,5.4047418,,,,
,,,677400,5.3000765,,,,
,,,678000,5.698266,,,,
,,,678600,5.5555968,,,,
,,,679200,5.8051996,,,,
,,,679800,5.337183,,,,
,,,680400,5.5296717,,,,
,,,681000,5.3357396,,,,
,,,681600,5.3104868,,,,
,,,682200,5.3481469,,,,
,,,682800,5.3145618,,,,
,,,683400,5.533875,,,,
,,,684000,5.3011861,,,,
,,,684600,5.3201823,,,,
,,,685200,5.2805734,,,,
,,,685800,5.260324,,,,
,,,686400,5.2645016,,,,
,,,687000,5.2477517,,,,
,,,687600,5.2387209,,,,
,,,688200,5.2968426,,,,
,,,688800,5.2806554,,,,
,,,689400,5.27425,,,,
,,,690000,5.2752099,,,,
,,,690600,5.2648697,,,,
,,,691200,5.2892513,,,,
,,,691800,5.241787,,,,
,,,692400,5.2788277,,,,
,,,693000,5.244978,,,,
,,,693600,5.1987286,,,,
,,,694200,5.1813517,,,,
,,,694800,5.6346002,,,,
,,,695400,5.1862788,,,,
,,,696000,5.2228189,,,,
,,,696600,5.2717023,,,,
,,,697200,5.266562,,,,
,,,697800,5.2852063,,,,
,,,698400,5.2261686,,,,
,,,699000,5.2529788,,,,
,,,699600,5.2445107,,,,
